date,贵州茅台,五粮液,洋河股份,泸州老窖,山西汾酒
2021-01-04,,,,,
2021-01-05,0.034044756998391934,0.07792623125577425,0.0726167209554831,0.07770405664158186,0.03367479100435666
2021-01-06,0.021378110501897973,0.027427064447008487,-0.0287484309835202,0.016527559705809436,0.02536355697307968
2021-01-07,0.020646759749141763,0.005454487117784845,-0.002501354900571129,0.010974717502642006,0.07587483799296435
2021-01-08,-0.025286368118947022,-0.04148450713214413,-0.05654699711622857,-0.038316178835638426,-0.02873958835272261
2021-01-11,0.005048382494098114,-0.052601791124280095,-0.06303712235314973,-0.03582925707596474,-0.05871930259754066
2021-01-12,0.031578458298056944,0.030923850019327404,0.005578932438182527,0.0667765154800104,0.026805210451020356
2021-01-13,0.0015513574377579165,-0.01591846473736247,-0.06450702900935634,0.01585236972603843,-0.004619784410060834
2021-01-14,-0.014989881829764906,-0.055178385867682755,-0.023621651505251973,-0.03289052496798972,-0.020517165168704832
2021-01-15,-0.026377862885839654,-0.006232356930747529,-0.018016163072013147,-0.05990897807199003,-0.04727163325937356
2021-01-18,-0.009899184619793111,-0.011620614601394408,-0.038370813020915384,-0.05056773171375761,0.005328807136654179
2021-01-19,-0.028200068408451018,-0.01138399522245448,-0.052166802943581336,-0.009919807166365313,-0.04346460402842667
2021-01-20,0.01690528276549208,0.012647713972892438,0.0010927076144466863,-0.0040732244018915065,0.008784172071258478
2021-01-21,0.015639144186839093,0.04511222131086412,0.01918768311598784,0.046022940955246394,0.04943847656250022
2021-01-22,0.005216661860696803,-0.004958618721461083,-0.007384025703173425,0.0013482540110556496,-0.00953821100383867
2021-01-25,0.04957492306889888,0.0721686444627685,0.10948324815445765,0.10731116197657187,0.046232139361910285
2021-01-26,-0.016453400253435002,-0.0331371631110815,0.03526461254990276,0.001175421530479781,-0.06304721993564322
2021-01-27,-0.026722378286615167,-0.045651046169807974,-0.06491323478518818,-0.03760981336787983,-0.01285891138532802
2021-01-28,-0.0005191164637786683,-0.023844899438304035,-0.018028973247329994,-0.016826518593303086,-0.014442331809539244
2021-01-29,0.014636299893525884,0.019081560678620324,0.008345447692887697,0.03294540475782992,0.04814875625974868
2021-02-01,-0.003511591836316774,0.004189282721940968,-0.012548056386159745,-0.010148289288377077,0.007793224985314096
2021-02-02,0.01832873573846605,0.04291518537328587,0.03963661926134199,0.10013809264761253,0.07157845651667061
2021-02-03,0.02265492975508865,0.016104907996799867,-0.02595443670030162,-0.0006846709775578663,0.0027197563098346755
2021-02-04,0.06458964316367899,0.016602765986580836,-0.006941848667699091,0.00022838002436031957,-0.03225923113088136
2021-02-05,-0.003637290334537968,0.020742835976697904,0.04312523525299783,0.033221706370347936,0.011846481557606925
2021-02-08,0.025949264073290568,0.0007917395176986197,0.037012217124593905,0.00998121616146741,-0.0026222484857437722
2021-02-09,0.03972078054529393,0.031314896001582326,0.010687478252224603,0.0277149733790385,0.021736715423069874
2021-02-10,0.06302696858460699,0.04203023620033863,0.043084792445406306,0.056383507203179306,0.10437808060307341
2021-02-18,-0.053314741526031995,-0.028065762836635755,-0.050782723500565896,-0.07252023781532357,0.029207140981885038
2021-02-19,-0.004765308553728809,0.034398964875185234,-0.008146639511201648,0.020317253368100863,-0.0733052738983484
2021-02-22,-0.07486016497268588,-0.09561582817219383,-0.09275304252015815,-0.09455861995527637,-0.10415304682930182
2021-02-23,0.008930209798764466,0.006544546773268545,0.01175821142699407,0.012113371751146573,-0.025887233061914317
2021-02-24,-0.055028330263249936,-0.07346583101518256,-0.008238760366652054,-0.10632117127585416,-0.07168204400283895
2021-02-25,-0.019246428307054586,-0.015120274914089404,0.00027507289431683013,-0.016642829280977822,-0.02896704043493037
2021-02-26,-0.013696631192291142,-0.03268814044881907,-0.05252447475525235,-0.035083079906562564,-0.07466538360598374
2021-03-01,0.017968195987000835,0.03424839579299088,-0.0105067626400418,0.014342483898962977,-0.00869770739777831
2021-03-02,-0.0501165209111184,-0.03054443995741396,-0.033497594743634895,-0.051155041203224116,-0.005817557579514521
2021-03-03,0.04326377713878693,0.017419623584655763,0.030470409711684354,0.023824213373831338,0.026380162118087247
2021-03-04,-0.054112827774546735,-0.07068150519224325,-0.04034870707427707,-0.08116627265563436,-0.04939483153418389
2021-03-05,0.014494613307669768,0.0007609740467797721,0.001595875276209302,0.014428412874583962,0.0318061154262117
2021-03-08,-0.05276000548101156,-0.08804578380757999,-0.08095354822894962,-0.10811617266759499,-0.10576968888465377
2021-03-09,-0.012802180988677803,-0.008776934216878085,-0.03914116156564651,-0.04689416750306674,-0.08295593798284406
2021-03-10,0.018609736578107938,0.044715987072209584,0.023386537126995233,0.050781021470777565,0.10701835928422021
2021-03-11,0.04315133675637384,0.0527185659193965,0.01824099816911917,0.06196759645899452,0.06486826912984167
2021-03-12,-0.011668920890020473,-0.00237510567207444,-0.008724027703782666,0.019240851420782246,0.0415968457368161
2021-03-15,-0.027128558778544032,-0.05423291098377858,-0.05179711118575758,-0.07556195668947074,-0.09174789438818975
2021-03-16,0.01933473080317749,0.04863896236880283,0.03563837324642205,0.027765412864455774,0.060901276374055735
2021-03-17,0.010747625618962697,0.007730490682724467,-0.008483272901416039,0.04904986194575289,0.01694166175604006
2021-03-18,0.02106322716053355,0.02454780361757103,0.03788035603394735,0.046188780512979255,0.05263412043073057
2021-03-19,-0.03130489499488742,-0.03783102143757877,-0.049461507778221,-0.022148776637726963,-0.02986375521812934
2021-03-22,-0.010831731940347034,-0.005283420707732578,0.00622464680374879,0.008475003783483759,0.009457159069415466
2021-03-23,0.0032889336412489367,0.01132292996253148,0.00041704316396740104,0.018558351258066264,-0.0029979389169945136
2021-03-24,-0.0038181471077535223,-0.00590342805960431,-0.020218161606336382,-0.024604655731264025,0.010383386581469756
2021-03-25,-0.009855723163687102,-0.019740344841708612,0.01595518366189186,-0.021096621519561043,0.002650546384561636
2021-03-26,0.023225592390853533,0.041654480885732204,0.02226565226495425,0.07308918835510747,0.055514330767090225
2021-03-29,0.01140324803415571,0.024626985400288737,0.011607264782192983,-0.0020610650433782185,0.021442066874642896
2021-03-30,0.01172887333351147,0.005362874814060836,0.007491900647948357,0.021229586935638922,-0.00012904890953668868
2021-03-31,-0.024849477131086983,-0.021337071214421965,-0.008709050713472277,-0.01824851848367981,-0.029340905179831345
2021-04-01,0.019227123784764544,0.020290431668987363,0.046833817665743016,0.03650474274216742,0.03191206453328599
2021-04-02,0.062438557802162675,0.044765061415480645,0.01594577146546161,0.07053059715289334,0.07795722017008844
2021-04-06,-0.017990847025283085,0.0007464636285596793,-0.04886573044417608,-0.017269665831966097,-0.0005179901980316703
2021-04-07,-0.03312145381943399,-0.05187782046022449,-0.04843666488508813,-0.06545997715490737,-0.06278902886302029
2021-04-08,0.004740959254089017,0.00877192982456143,0.0058976339254370735,0.01974426476118829,0.057552426730188344
2021-04-09,-0.026214381209531568,-0.03033729771885363,-0.028477699448593685,-0.04301124838650183,-0.048829539055586846
2021-04-12,-0.005981640509327701,-0.017332207343064954,-0.016955241037430735,0.007852015993063288,0.008161366711772589
2021-04-13,0.006559277233729066,0.007816336552627368,-0.01870934736534391,0.04014912532262693,-0.014093368566754694
2021-04-14,0.013990905911157814,0.0035733138425304567,0.014969836895806887,-0.0007352265416781245,0.021314613911933566
2021-04-15,-0.016663570992649923,-0.03228808415941742,-0.018711476372174962,-0.00951899199852857,-0.003040906440056612
2021-04-16,0.021252597209854507,0.025086758372705686,0.06909444402901377,0.023399415014624836,-0.0029666151339154956
2021-04-19,0.017449387791769855,0.015784965534119122,0.010421766804224797,0.01102390781654039,0.010560724163942492
2021-04-20,0.003531825382398157,0.008352071956312379,0.012529419908625217,0.001794848783989833,0.013684996267728344
2021-04-21,-0.0076598607768548765,0.012344695762981805,0.01763861352293694,0.02266415838036373,0.06750122729504171
2021-04-22,-0.012778053041959003,0.0013374242781842849,0.02223715149479344,-0.018482831114225662,0.01575074729822945
2021-04-23,0.028232559368148502,0.0346087366436203,0.017481598317560465,0.041186970102632836,0.006715714016223284
2021-04-26,-0.015989395208319324,-0.018984698333143535,-0.01317659217155398,-0.009257275103930152,0.0026608702169921283
2021-04-27,0.008678080797004828,0.026396253434996186,0.011192564471789623,0.015356663926980207,0.039508110936682383
2021-04-28,-0.027145807774137,0.014253931143708432,0.017994692213088248,0.04260395364689851,0.05846607457480846
2021-04-29,-0.008322026232473911,0.014499758337360946,0.11063775672410481,0.008090879372343762,-0.03166083500356687
2021-04-30,-0.010505926351202621,-0.01649136951661967,0.006297589740653864,-0.029995946493716952,-0.014418523066128786
2021-05-06,-0.025909236333664265,-0.03189626262249878,-0.052341127609944915,-0.065608023401588,-0.009895351320566625
2021-05-07,-0.03117432571603529,-0.016704514837766027,0.016809749654799866,-0.011091234347048284,-0.013193845268909987
2021-05-10,-0.013773091619501687,-0.03170626688065137,-0.002952116667650717,-0.05142004341534012,-0.013588837480418281
2021-05-11,0.04659224647222637,0.04628693859400901,0.008290400900100803,0.051680572109654266,0.03113458413354997
2021-05-12,0.013917109694658647,0.007959199443628773,-0.02067304868737896,0.02914910014053218,0.042730756832264793
2021-05-13,-0.006863041150794724,-0.005788101809260926,0.013853073463268473,-0.000836930666901603,0.0013740038472107585
2021-05-14,0.0212013157531028,0.04241045610517791,-0.0004140541819471766,0.020676277388352426,0.023531833150384207
2021-05-17,0.026044824599393612,0.0376890927247846,0.01609562696017508,0.04323600552868001,0.020611301025537765
2021-05-18,0.0007122845339284645,0.008233532934131649,-0.014210005241395374,0.0003726245186932431,0.004039010934883347
2021-05-19,-0.00543587147933744,0.01163078445929222,-0.029538606959295777,0.0005380349308832244,-0.014782836211407635
2021-05-20,0.005237628223818458,0.002516074923119893,0.03354233883241009,0.006080661840744517,0.03326251493825505
2021-05-21,-0.008849137499143067,-0.02408672615727825,0.0624337377783013,-0.008223007976317698,-0.010762706419070733
2021-05-24,0.015531139429088237,0.030038932742793678,0.051502383856303346,0.030138462814028655,-0.0018187132603683098
2021-05-25,0.0645538184256853,0.06248699632429422,0.029524964411873356,0.07758863535755944,0.026549536359199433
2021-05-26,0.012550139035854002,-0.013152741514360189,-0.0018436011676141728,-0.03047391418007983,-0.021837659662134246
2021-05-27,0.01215155418378,-0.002711909250256328,0.03560617720999426,-0.00034667385693942787,-0.012734106668394807
2021-05-28,-0.007203400004802241,-0.004244735533079136,-0.0022789199900916657,-0.00504778051787913,0.02087367488266767
2021-05-31,-0.005804532372360782,-0.005927998135011769,-0.001588956750583459,0.0017814956818096306,0.024047580774794852
2021-06-01,0.011165981463011398,0.001943113672149721,0.07833092952703047,0.010669965593226749,-0.006498602957335287
2021-06-02,-0.00911802915844695,-0.012906677366502861,-0.0492574485748547,-0.011131086715373217,-0.012355431966125208
2021-06-03,0.00010682982494492066,0.005995731851902164,0.011885126612981578,0.008471298158749807,0.039545672692369305
2021-06-04,0.01421655976733005,0.005690618896895483,0.0221966537226137,0.010011123470522909,0.016250654027269107
2021-06-07,0.009335280178088379,-0.008002142833227421,0.00989588218741222,0.013747531520583278,0.042611829552681835
2021-06-08,-0.0379443640761733,-0.05049277710274058,-0.061579900617656724,-0.07941859593916234,-0.07581479114622658
2021-06-09,0.004190598269529389,-0.005154272714346653,0.046023655169000977,0.0007324814844957839,0.008171988936384045
2021-06-10,0.019137393524314428,0.0234037231571802,0.031461418365898774,0.018339297332465865,0.04748098266616796
2021-06-11,-0.028745128454642166,-0.005167236924795815,-0.1076506742500688,-0.033781895140358564,-0.03628084169171697
2021-06-15,0.007038131894294031,-0.008106969888397542,-0.03741968645592397,-0.034673719882630016,0.0347436689314391
2021-06-16,-0.017238407171177417,-0.024555072002264478,0.0,-0.0311670519736279,-0.01071481868377866
2021-06-17,-0.0005462700779311769,0.006891798759476098,0.004058311528808645,-0.0005744586831640808,0.034996681349182435
2021-06-18,-0.03307993942615306,-0.011599841492849094,-0.026166037334467873,-0.042667020382897713,-0.016964962397248318
2021-06-21,-0.004822926012166162,0.02139446732514494,-0.023155480312380572,0.017088490670607692,-0.03762898825762073
2021-06-22,-0.0034757867419841215,0.010776477305166843,0.020685413987812318,-0.020343293070565704,0.005946695424433823
2021-06-23,-0.019332538487282447,-0.03159641318929607,-0.024538533165361143,-0.027996662649485637,-0.08741729968145073
2021-06-24,0.016023675580558283,0.0064160985746053445,0.046324891908585464,0.02393896041964716,0.022890514868765477
2021-06-25,0.022693397711766483,0.026152787336545247,0.053933669636148984,0.01830290611028329,0.0073172332327078315
2021-06-28,0.005650094424829666,0.022556390977443552,0.01466469779520363,0.00260690601417779,-0.0014006970911104588
2021-06-29,-0.020927206388896002,-0.026788180060756672,-0.04767401013700001,-0.03352796277711889,0.006034707724426047
2021-06-30,-0.0027623733477880608,-0.002341089670828689,0.003688675765400218,0.03676782932930567,-0.0016212185078304797
2021-07-01,0.02524381448148283,0.0011021830334920768,-0.005092665511629124,0.00027314941272882365,0.03247702250657669
2021-07-02,-0.046899533043779695,-0.04322193415491715,-0.02511873350923477,-0.04278172219188059,-0.06319398571922885
2021-07-05,-0.010162384202306307,-0.018299925760950075,-0.0061167045577568135,-0.0171167744389501,0.06376334698811359
2021-07-06,0.010212683179872784,-0.01455741672023303,0.036490387233810706,0.012142027863776939,-0.024494176320191907
2021-07-07,-0.004760529328069918,0.028163609853426363,-0.024433818506647054,0.01022797877933379,0.022617699401391356
2021-07-08,-0.010211540115229178,-0.05504552918346006,-0.022675859097274653,-0.03288073047263096,0.0348373623591951
2021-07-09,-0.006999196368454252,7.8985822044908e-05,-0.05555249379994476,-0.020497015947558928,-0.06818529276868979
2021-07-12,-0.006075187969924789,0.014492753623188248,0.04026375678356775,0.03640813064975279,-0.018703855619360055
2021-07-13,0.012048590479962984,0.019657454262358875,0.010097043809951023,0.002698535080956077,0.10098645711419496
2021-07-14,-0.01136153603618284,-0.002672265699560916,0.0011106791803188187,0.006055363321799234,0.043523158694001474
2021-07-15,0.019789513042713258,0.0211674641148325,0.010262384201475516,0.011894525652049293,0.05419407416031197
2021-07-16,-0.022694553630643433,-0.012407226928555115,0.057983746980013295,-0.027899730916300935,-0.011154058531198108
2021-07-19,0.010537698478378488,0.012790830075530168,0.0006746937928170382,0.03049728049728051,0.0103026580299308
2021-07-20,0.002729794064335822,0.005284065357517687,-0.0022820393133136108,-0.011498586239396813,-0.006356224955091916
2021-07-21,-0.005989197665301815,-0.004026095060577717,-0.0010396631491397246,-0.015827612509534683,-0.010012515644555742
2021-07-22,-0.015879362853574608,-0.004192087434966463,-0.02716344902950507,-0.02988761867855061,-0.023093131057732696
2021-07-23,-0.022269223276653816,-0.033414771659462494,-0.021396095212623645,-0.000249662955010832,-0.014120150691628641
2021-07-26,-0.05458716640859829,-0.08426660444859235,-0.07756217545777533,-0.08400759164918581,-0.10142348754448394
2021-07-27,-0.05492699081740182,-0.07809248800373692,-0.03276842853756812,-0.05278080697928034,0.004414867716279858
2021-07-28,0.03568584225851046,0.02547213265776138,-0.02199350609569317,0.007425742574257432,0.0015836592223907875
2021-07-29,-0.011756093359745035,-0.00732156492835645,-0.01484590328238522,-0.033940917661847925,-0.022103904485317738
2021-07-30,-0.044072882105040345,-0.06470588235294128,-0.05093151904368298,-0.08428461583959312,-0.09569377990430616
2021-08-02,0.04949760033341355,0.06627963231736822,0.062374380276028374,0.06323472419584042,0.09133369823024995
2021-08-03,-0.00353676999826269,0.025408348457350183,0.01009018099262149,0.04228175687989788,0.008860505550354558
2021-08-04,-0.015754013225898866,-0.024557522123893838,-0.003933320846600474,-0.041499096578656025,-0.015510555794916003
2021-08-05,-0.015816378175928736,-0.03325017010660003,-0.007960386110066331,-0.024992398905442248,0.0008416091567076123
2021-08-06,-0.017999022910184848,-0.005489864864864913,-0.012131168256776514,0.011974554072595733,-0.0012445341405987742
2021-08-09,0.014924982325678737,0.018919556499174428,0.00773904700991368,0.007149020091211655,0.003738254807530428
2021-08-10,0.06785170661231654,0.08746990183367287,0.044237116019294254,0.09172683882021793,0.07549322238625678
2021-08-11,-0.02929380783262059,-0.011496700021290107,-0.022609858384489145,-0.025166750742671384,-0.025862606850939107
2021-08-12,-0.03764451136802016,-0.03566659487400392,-0.015111000559666743,-0.021101655933762564,-0.010248198558847066
2021-08-13,0.006491491232607505,0.01286460892482233,0.0033463821189543275,0.01392070484581498,0.005500728037534319
2021-08-16,-0.0005396099391012932,-0.0004410143329658389,-0.000881001824932226,-0.0024330900243310083,0.015768302493966102
2021-08-17,-0.041263883175647775,-0.04742995808515327,-0.04358506014990249,-0.05284552845528456,-0.07283383494376672
2021-08-18,-0.010056045694671667,-0.004400185270958867,0.03286137635824837,0.0010423053341508393,-0.0005467094922436688
2021-08-19,-2.0316393975594593e-05,-0.029541753896254908,-0.0038255547054322214,-0.01672076927788335,-0.018256410256410116
2021-08-20,-0.04874001936868899,-0.07799616490891648,-0.07072452636968773,-0.0834060047340226,-0.0942680039002648
2021-08-23,0.015797642100466858,-0.0017677949357874922,0.05702872098629386,0.04274549779136927,-0.007074474220462035
2021-08-24,0.038539980235907656,0.020626074274701756,0.015964032058382704,0.04190563086548482,0.03059051306873184
2021-08-25,0.026885856581771117,0.03827507017096199,0.024435608004104603,0.012822918621379742,0.024234454255119386
2021-08-26,-0.04601553566499739,-0.05077414598181362,-0.02166155387215918,-0.037796442687746845,-0.03209831254585471
2021-08-27,0.0007095423107656984,-0.007715410107705156,-0.005759262814359789,-0.004172015404364626,0.019708167519423947
2021-08-30,-0.006904527525177784,0.006888274278557649,0.0019308746862327641,0.05008056719303888,-0.003828284705445162
2021-08-31,-0.019408861531636457,-0.027520082923037092,-0.011948352283676966,-0.043886570095752364,-0.009141108872472214
2021-09-01,0.04524826104167845,0.032082711575357026,0.02249528639230225,0.07819220645823965,0.005535263772263432
2021-09-02,-0.0021708991309641323,-0.0334607043271713,-0.01169962484898579,-0.018279249776719242,-0.04107998801677659
2021-09-03,0.026717453776500477,0.024895822203226725,-0.0182718908833559,0.031477438136826796,-0.003436560315538739
2021-09-06,0.008218581255033497,0.029034612176813912,0.03630644209974432,0.015875815840536323,0.0534111838238176
2021-09-07,-0.0010934256961585564,0.0025834557519881507,-0.0012015430342123823,-0.00023152167621709463,0.016405029387694503
2021-09-08,-0.0235311082562073,-0.021473322554567464,-0.02399645434975306,-0.029236380478202872,-0.03557442447754644
2021-09-09,0.0006578329104407477,-0.002013734703361303,-0.009082062925721779,-0.0029818702290076438,-0.0002276953436302076
2021-09-10,0.01911827841579905,0.032957367549668826,0.029983633387888897,0.035769828926905056,0.05427974947807934
2021-09-13,-0.005647634970576965,-0.02960180315552219,0.010423949659950305,-0.014206514206514198,0.012673267326732685
2021-09-14,0.0019859132553090575,-0.010632806854547372,-0.003145247530980666,-0.01997656707674278,0.0226472784157572
2021-09-15,-0.02725879337226822,-0.037719115191986785,-0.031109989272417482,-0.051706617251479514,-0.03340981782784036
2021-09-16,0.0151659218408291,-0.00813228517213338,0.03725413573010283,0.008383761976802795,0.02614825738229709
2021-09-17,0.032066420911079696,0.027056572834107673,0.025178952656034204,0.04869663061824081,0.06873466526463368
2021-09-22,-0.03131644453663862,-0.04268227780734435,-0.05665462117964104,-0.04512398664759176,-0.019218785871240707
2021-09-23,-0.0018001378544229008,0.002724038247720717,-0.021036229061160983,0.016854984705662046,0.0030429694031097743
2021-09-24,0.03955377973237506,0.03381937129234358,-0.003316089667064648,0.05697096199889495,0.03267102280304046
2021-09-27,0.10382809678584315,0.10752399849841798,0.05762576523822194,0.10826508683278169,0.010298295454545414
2021-09-28,-0.01924470098852571,-0.017576990122022185,-0.036365924248144,0.041874115612389406,-0.025243649145230806
2021-09-29,-0.001227140048847275,0.00857607570604757,-0.007182031862104976,-0.007696177062374243,0.003278151122766859
2021-09-30,0.005964309571524051,0.003469676977960301,0.001907141917663946,0.051097480610331036,-0.008168599901976825
2021-10-08,0.005691789593511354,0.04300185058926642,0.07975057433541188,0.018085362912949154,0.031296326799538754
2021-10-11,0.01622411922841116,-0.0019610589718447313,0.013799392097264551,-0.003931785883467431,-0.023638396422296815
2021-10-12,0.0022450921241936594,0.0072046783625729915,0.009594051687953353,0.0030912636134492466,0.004580402421070051
2021-10-13,0.034098736419256426,0.04714571043708493,0.0362891251410582,0.06225109046083843,0.048200618791727656
2021-10-14,-0.01057910822035879,0.002262242725337149,-0.012379642365887178,0.002722606561035512,0.02066179897467757
2021-10-15,0.0033773845353124443,-0.025138304934720024,-0.010503714020427157,-0.018694916763108638,0.01933028919330293
2021-10-18,-0.06595023708707093,-0.08625777454941663,-0.07413054952788689,-0.04431642928422397,-0.10356876213229804
2021-10-19,0.007352231021827249,0.018134843742236617,0.03331855324000754,0.03061369784992163,0.05953293133890791
2021-10-20,0.017269687563667757,0.004733554557876163,0.017164224851345722,0.0035000460532377264,-0.0005974091309268736
2021-10-21,0.0017671591150068,0.005099810578464314,0.005002109323208437,-0.0010555300596605255,-0.010004719207173163
2021-10-22,0.03351679367767435,0.019522566927611784,0.012053250179899333,4.5941103505420244e-05,0.004798677980106136
2021-10-25,-0.015913383855624574,-0.02213479950706221,-0.007702790780352076,-0.00601800808526276,-0.014295654374090638
2021-10-26,-0.006926176669538098,0.0014541224371091843,-0.004538126231563799,0.010629939455562232,-0.011936084194314356
2021-10-27,-0.02448055236975233,-0.02255457141474282,-0.0062983624257694215,-0.03553299492385775,-0.030817691758134758
2021-10-28,0.0038731469766775106,-0.0035157217132952834,0.04080647108535551,0.010241820768136511,-0.011057128497235724
2021-10-29,0.00035074578064708817,0.006062413039157111,0.0001739937362255084,0.007791232516662028,-0.018973403354226592
2021-11-01,-0.013715888561376732,-0.05714709078336477,-0.000463902580458031,0.010478763040238537,-0.05111379727162846
2021-11-02,0.0009881661083126492,-0.018963801142018788,-0.03828972559029986,-0.03318431119509602,-0.0029117379435851243
2021-11-03,-0.023861119137050912,-0.0116943450632776,-0.027507993002352626,-0.004719454640797149,-0.013871144369410504
2021-11-04,0.024173059371993766,0.041549600172898105,0.07282426648470919,0.05632723440942611,0.04153248195446979
2021-11-05,0.00947713205365952,0.018104476837682126,-0.006822781150621404,-0.02298902693388949,0.006965916764402724
2021-11-08,9.54323682735847e-05,0.0034647916029757475,-0.02846830063456962,0.008353831159790381,0.016306074189108122
2021-11-09,-0.017945537173324366,-0.011272468772214883,-0.008449185043144736,-0.02084963409582552,0.007327661052266121
2021-11-10,-0.021874715331126837,-0.015766228430566964,-0.019822324288390702,-0.03722854188210967,-0.014169482176101589
2021-11-11,0.009691859707070982,0.004226454474302033,0.006658856896232912,-0.0012205839273508046,-0.010141633152648932
2021-11-12,0.0025703463203463617,-0.013821053725449395,-0.016108286886752143,-0.043017060175001176,-0.01098745804628165
2021-11-15,-0.007752603623606302,0.004478398314014642,0.0047933266932271845,0.007457731010880098,0.015574766021290376
2021-11-16,0.028965619552720367,0.03829006031995785,0.016170001858621053,0.052426101505856026,0.05082659162856129
2021-11-17,-0.007809496347558675,-0.0024753725688304584,-0.011888794049506268,0.003998651057474545,-0.002510460251046065
2021-11-18,-0.00181637645007382,-0.014635875620378935,-0.007404208058246375,0.00249520153550864,0.003926174496644341
2021-11-19,0.022084869953415964,0.02045536310839302,0.002983775719525017,0.03532452613440573,0.0019386970618711086
2021-11-22,0.015346725616450563,0.016973054646184815,0.02404710257204834,-0.01410078594544617,-0.005004170141784781
2021-11-23,0.024641857257248878,-0.005794374009508663,-0.03322641166858309,-0.006705744431418581,-0.006806370494551461
2021-11-24,0.025423970520287442,0.047920298879202905,0.019156128709152398,0.04201680672268915,0.03321855377759775
2021-11-25,0.008360962150374851,-0.006987688358606303,-0.00878378378378386,-4.530627038779045e-05,-0.00924655296347121
2021-11-26,-0.008286119370872758,-0.00043082814743899966,0.005639214228171152,-0.0057088487155091405,-0.0005936088117930449
2021-11-29,0.024470836925986728,0.008955509793592276,-0.000985950209514419,0.00829346092504002,0.00032997855139393906
2021-11-30,-0.029446580221976104,-0.03194418074805405,-0.009560819146311461,-0.024630541871921263,-0.016757380834570346
2021-12-01,0.0012420205772598614,0.012552096101985821,-0.004546303792738349,0.009544991196367425,0.008051799912772273
2021-12-02,0.0005643624659845692,0.010604813326231088,0.005693193193193169,0.023269689737470234,0.008519985356274962
2021-12-03,0.021154447571817725,0.03210349784379507,0.015116640746500876,0.067817896389325,0.03144903144903144
2021-12-06,-0.0025047579463172154,0.013231197771587766,-0.007108714303223462,-0.03326752635779384,-0.011229843869976941
2021-12-07,-0.006266653508339104,0.007789232531500545,-0.02191087520059254,0.009081034108190389,-0.007442161462546504
2021-12-08,0.04807145891608888,0.04546487838145041,0.08689341831261443,0.027557698932139107,0.03957620211898938
2021-12-09,0.02292539639089508,0.030441400304414,0.0024965164886203706,0.0018018773047268066,0.00990937313807283
2021-12-10,0.0017754311209918772,-0.016881198565098177,-0.007760467944634142,-0.00472664909859033,0.00034156186927503107
2021-12-13,0.014486499815065779,0.012792444730628905,0.021245549524309792,0.009498192821719709,0.0172585050906382
2021-12-14,0.016102570334812105,8.477090662473152e-05,-0.013030805280905278,0.024854288093255628,0.0038447455144634546
2021-12-15,-0.007475182394450441,-0.02627675354948078,-0.027911286119636336,0.0033310314010643882,-0.01802541187914164
2021-12-16,-0.008038601353658303,-0.0013057671381937475,-0.005540001191398192,-0.013522814688853857,-0.06810091317133571
2021-12-17,-0.034566189013125026,-0.036347788189147856,-0.035102432011501095,-0.03845680279088859,-0.028898854010961594
2021-12-20,0.004330638480816162,0.003799014065397177,-0.0019245095604668583,-0.0036708212395424322,0.02257567983581321
2021-12-21,-0.0108373355606598,-0.019599008785762484,-0.001244013186539883,0.0014994430640049572,-0.023615989295868833
2021-12-22,0.005171940638787564,0.0021599264705882693,-0.001868344024412938,0.018308593917097937,-0.016547329473431738
2021-12-23,0.037802419354838745,0.022423992296051853,0.0004991576714292734,0.045032556185675254,0.02462899742214164
2021-12-24,0.03748279909341101,0.02211158952278436,0.0028687246647958187,-0.007235599147807248,0.004657804372216301
2021-12-27,-0.030364796925972715,-0.025143709684496862,-0.018531185871525357,-4.04907478640526e-05,0.047241962774957624
2021-12-28,0.0031984550858452643,0.006166726683471291,0.013558892479249796,-0.001579203109815408,0.014832288502552915
2021-12-29,-0.04871617489297275,-0.05314722855992482,-0.033131212102269214,-0.07219045301537086,-0.03333864034389433
2021-12-30,0.01791699163171101,-0.0009449562957714042,-0.0034266502877092764,0.04808322769593909,0.015976019500625993
2021-12-31,-0.012942370213911536,-0.013431071175218579,-0.020371091215777737,-0.000542186261834332,-0.014914243102162605
2022-01-04,0.0006451139176770759,0.004314270648578589,-0.0001986754966887272,-0.013478551160073349,-0.017378139090938882
2022-01-05,-0.014272460911906926,0.0009068779533196736,0.01291647347155056,-0.01171693244786609,-0.01838887958465918
2022-01-06,-0.02221584141568833,-0.02036242250834519,-0.014190426366727626,-0.026194144838212585,-0.010953388384631113
2022-01-07,-0.021872246935601303,-0.008859465511366404,0.001326699834162337,-0.02228375527426174,-0.02346041055718484
2022-01-10,0.01334341502468539,-0.013260645351407141,-0.0035110963895329528,0.002337603955945289,-0.023317435082141014
2022-01-11,-0.013963262081376437,-0.007963764869842183,-0.018946948544076525,-0.02780643135847871,0.005787665038885947
2022-01-12,0.014717419972290147,0.022878932316491962,0.0008809378599985429,-0.003875074964247882,-0.017155187915842585
2022-01-13,-0.0491379877607423,-0.044243880904498045,-0.03134732566012188,-0.02852776362710141,-0.015917740046838325
2022-01-14,-0.005991822517488088,-0.008724659994867823,-0.018871880897462723,0.015016446584354082,-0.01851782991856621
2022-01-17,-0.0031271031073775157,0.0084908102511001,0.007266509938020915,0.011882397144467483,0.01314642924796372
2022-01-18,0.017843736359668405,0.0136043944761024,0.03437301082113309,0.02803434671617544,0.014621195123775133
2022-01-19,0.01128131236027019,-0.0034947325769854043,0.007042735042735115,-0.02632173010068184,-0.020381085762724238
2022-01-20,0.03252216392256191,0.012299872935196854,0.012493210211841355,0.029259018825929628,0.0008653122648607514
2022-01-21,0.008471327813554197,0.020284179344278952,0.018240343347639465,0.002928323647339859,0.008457692741420164
2022-01-24,-0.018890873845452183,-0.010777028689533008,0.011064278187565835,-0.017743239601114125,-0.020426420158043745
2022-01-25,-0.003984857541342812,-0.03337976320764102,-0.017912975508077134,-0.027027027027026973,-0.02442922374429235
2022-01-26,0.006668000266720098,-0.011888219854871096,0.009882602639782245,0.004888136867832404,0.06736094859193376
2022-01-27,0.005519860457927628,-0.013802083333333326,-0.02988309470642314,-0.016510757717492996,0.0029965284122055458
2022-01-28,-0.042818559100590625,-0.026511750726168404,-0.03445941371606531,-0.038949921529462084,-0.04106095383830666
2022-02-07,-0.010919685256130962,-0.014973145988173453,0.04592623755434011,-0.00920427553444192,-0.026025835866261282
2022-02-08,-0.016792299663690002,-0.03095224982100575,-0.03043507407655688,-0.03041654180401565,-0.046030817242051936
2022-02-09,0.03360383100186337,0.033986928104575265,0.07951324068312249,0.029979910369340113,0.05929257820486611
2022-02-10,-0.013111798336205127,-0.016160061562139227,0.005123935182220096,-0.0039009752438109446,-0.004246284501061681
2022-02-11,-0.013314909460928392,0.006871892284485037,-0.006945772000254924,0.013957925390370107,0.04923434774181046
2022-02-14,0.010957395069758125,0.020752413716568663,0.0217530800821355,0.015944540727902856,0.03879549233327184
2022-02-15,0.012722351345555216,0.00973037616873218,0.00558939898260391,0.022469171906224217,0.02230126267117205
2022-02-16,0.0011045866098919888,-0.0020995962314939165,0.006620034973769728,0.023596148345886192,-0.000730638090599256
2022-02-17,-0.003178614101384092,-0.010627967198964305,-0.0056458617694502555,-0.006612955804964349,-0.006928728108352655
2022-02-18,0.011476058567471359,0.008506461639129714,-0.0007487365071442431,0.0026252871407810296,0.0052590982399551844
2022-02-21,-0.017015944297022023,0.0010813733441472628,-0.009803309397439897,-0.0019170524150184942,-0.011683872767857206
2022-02-22,-0.039870099156106065,-0.03132595193086696,-0.017404464623533955,-0.029841656516443327,-0.016092035148392525
2022-02-23,0.011498879550137842,0.015611931976582172,-0.006225131562058728,0.005456564778598683,0.014526021304831271
2022-02-24,-0.03735930864490844,-0.041229755695855186,-0.047659024862770405,-0.051387955047545786,-0.01562610478682036
2022-02-25,0.02156409069875065,0.01024965643609721,0.014240184444293646,0.01797286350749272,-0.0021189484269500403
2022-02-28,-0.005230416138189309,-0.002720625743921179,0.00936016580865151,0.006465410056199383,0.008745726111210939
2022-03-01,0.04133475811152132,0.01813015061096901,0.02848247996290665,0.020704649898700467,0.01798201798201804
2022-03-02,-0.007929474322496355,-0.02227308250530302,-0.005731950795388796,-0.02314097598760656,0.0065189962147764735
2022-03-03,-0.026376416380647805,-0.04070796460176984,-0.02085762404456537,-0.04921201308355638,-0.0429347447593843
2022-03-04,-0.011770813212285125,-0.0339245327937151,-0.016538766869542254,-0.014698983580922587,-0.013825723121702826
2022-03-07,-0.04489536630953983,-0.06388615081320848,-0.03134669716130767,-0.06565095487488759,-0.03910717579782341
2022-03-08,0.029546442915248994,0.0016452780519908838,-0.030763888888888924,0.028026271090476618,0.0059128431560762085
2022-03-09,0.01613824976395173,-0.02214191852825209,-0.00802464713047224,0.024949055460703917,3.816939577849787e-05
2022-03-10,0.009322541599931622,0.06228582946986472,0.043481401227880134,0.06442772702847943,0.07652671755725193
2022-03-11,-0.015396076483734644,-0.002403542061986008,-0.005814355921644698,-0.033923973951234254,-0.024392838149264295
2022-03-14,-0.0424507120228832,-0.03487192493025615,-0.078604748311634,-0.05549459162878201,-0.06948431878475125
2022-03-15,-0.062313701305375724,-0.059913283405597206,-0.0781320840259937,-0.04426002766251724,-0.03534465924624097
2022-03-16,0.04929297635033292,0.053459119496855445,0.018606557377049082,0.04057887120115766,0.0459514170040487
2022-03-17,0.02951181451955165,0.02281923714759526,0.048281966685443045,0.05512906097018244,0.03754596477646599
2022-03-18,-0.007838710291161122,-0.0022050716648290836,0.0,-0.00010544630147091283,-0.02111546353292304
2022-03-21,-0.0022308444609219213,-0.014234644133896635,-0.01143778306594001,0.008014764039019129,0.00019055604253215286
2022-03-22,-0.005957948415698189,-0.009297111960965276,-0.0044261531293678935,-0.01590207668567245,-0.014060356652949246
2022-03-23,0.036857776288314215,0.010915141430948294,0.011621558380781272,0.012969754956678958,0.0029758454106278975
2022-03-24,-0.01943026920184232,-0.030153400487194615,-0.016037008481110115,-0.02571233667418804,-0.031095869297164014
2022-03-25,-0.019606103057233537,-0.028307650532889972,-0.03941388497100773,-0.05213550923681787,-0.022270829190694008
2022-03-28,-0.018879635855790666,-0.04184714265753797,-0.023819234847866855,-0.047275413375760134,-0.0673174700020337
2022-03-29,0.004085828764234467,-0.01472839956252281,-0.005013787916771206,-0.01866762092204921,0.0071522023549934755
2022-03-30,0.041413982305531505,0.05750018500703025,0.033341731754430226,0.05621733317126543,0.050705811033168846
2022-03-31,-0.006995474999054618,-0.013226032190343018,-0.00926527958387513,-0.012313711951205453,0.0012363486503192966
2022-04-01,0.038720773780812845,0.034323806822211145,0.018621821164889196,0.02808039615496649,0.016093846470467188
2022-04-06,-0.00917117282253388,0.0007541995200548435,-0.006925988564065344,-0.01813339377797918,-0.03224499716438467
2022-04-07,0.0,0.0030145245272676924,0.0029194712513178622,0.0015582616725340337,-0.0017999162829636095
2022-04-08,0.01171653387928262,0.0009562841530053046,-0.0032344141667340898,0.005186124236487233,-0.012244726800016759
2022-04-11,-0.039009167154281266,-0.04729084209089651,-0.03569400502960973,-0.04912864022013297,-0.07501592018679692
2022-04-12,0.0393241323320479,0.07320392522025632,0.04954992849331208,0.07777174896002892,0.10547090141362236
2022-04-13,-0.007933408192159375,-0.010411800040045383,-0.0055306187880731494,-0.0016781339150865326,0.014904924022253407
2022-04-14,0.024605693757535407,0.06238618736089574,0.02264850487627945,0.09430156328794759,0.06594395581918588
2022-04-15,-0.0018071131817198882,-0.010601828339258601,-0.020570617906683464,-0.005273937532002004,-0.026173389108492873
2022-04-18,-0.009124098566728689,-0.017452678857876158,-0.009575923392612817,-0.012353940392237583,-0.005871921182266093
2022-04-19,-0.00031563740546047825,-0.014236269836087057,-0.011049723756906049,-0.016417365924844995,-0.012169983350511338
2022-04-20,0.004068150630867073,0.005962239152037085,0.018485047650345088,-0.0002119542178888878,0.0115173161041775
2022-04-21,-0.010292445756029278,-0.021863681264405632,0.0023392756312010654,-0.018655925376298566,-0.007974291835277314
2022-04-22,-0.0042648873898643025,0.019188042819632267,0.032914855947207444,0.010855476344782788,-0.00367926414717068
2022-04-25,-0.03988610981566476,-0.06889945831681865,-0.06451110245422675,-0.04648180798204837,-0.030425882069602173
2022-04-26,0.015645771551283216,0.02483150053210359,0.02456900141584084,0.0457219700790048,0.01660111778099771
2022-04-27,0.039292186870721,0.020006922810661187,0.022597951552593143,0.004661629963028435,0.04618015963511968
2022-04-28,0.024267964833248667,0.030270123523822523,0.04030206677265502,0.06544000000000016,0.012261580381471626
2022-04-29,-0.003913362181078739,-0.02450592885375491,0.11049132727133792,-0.016368824147769967,0.0
2022-05-05,0.005115666282892839,-0.003984332793084855,0.01541319755040238,-0.0037659033078880633,-0.018996346856373747
2022-05-06,-0.025979547011171222,-0.030374940673944084,-0.04845158229992552,-0.051389456477319184,-0.05252636117753129
2022-05-09,-0.024853907519216345,-0.015942941053073256,-0.02378578550064081,-0.03150242326332797,-0.03429729841545659
2022-05-10,0.008821115973741689,0.003908192993675952,0.04632331485264074,0.019905476786210796,0.02441950132807813
2022-05-11,0.0011153355557884659,0.015430351075877757,0.002579655581119722,0.020934416398626254,0.023921043827366928
2022-05-12,-0.0032807268071697315,0.003973232956921757,0.018567454798330996,0.020932343674907816,0.008250285900996523
2022-05-13,0.009615206476832894,-0.007915017704644978,-0.010241004983955748,-0.0045504471991213435,-0.001620351616300808
2022-05-16,-0.01238011352515167,-0.012317167051578037,-0.008277574670621402,-0.013661202185792365,-0.014038789255863104
2022-05-17,0.006193331021156379,0.0068730957273435145,0.009111775752938645,0.004954187087151007,0.012551440329218178
2022-05-18,-0.00430864683868426,-0.01104855735397603,-0.009856630824372825,-0.02173336867214415,0.0007722007722008595
2022-05-19,-0.0030909225785712424,-0.007542873407813344,-0.0004872955099198828,-0.014142508805201959,-0.021076998050682305
2022-05-20,0.027290653834705747,0.06417150641715064,0.024307006546872678,0.07062767945476534,0.04140219871395967
2022-05-23,-0.011474964536866583,-0.020482414768899004,-0.019718501393894083,-0.015606550644283512,-0.03178902919969717
2022-05-24,-0.012823331135047966,-0.01967258219837653,-0.013317611153499276,-0.022059973924380638,-0.012178564081464782
2022-05-25,-0.002777365399841636,0.006174571989896016,-0.006537785588752287,-0.022664249146757687,-0.015744095964013494
2022-05-26,-0.00788388177278787,-0.0016039051603906618,0.0,-0.0037649369782288833,-0.011256400490880614
2022-05-27,0.007727704696643745,0.00509883355451568,0.0031842626662894613,0.003231460181837953,0.024352664241386712
2022-05-30,0.0144248666087603,0.05719249478804711,0.030542427876137257,0.04695091991046585,0.041614439709200424
2022-05-31,0.01566924558881988,0.03431275882468943,0.03538672142368249,0.045888303697137145,0.045126353790613694
2022-06-01,-0.009502188875574302,-0.006291706387035134,-0.014543531433860113,-0.0017948845789499401,-0.003454231433506205
2022-06-02,-0.001367872623701305,-0.004221028396009352,-0.0034212115113704256,-0.020528445132610873,-0.005199306759098632
2022-06-06,0.001217552232990693,0.02048811817597951,0.002355950457727518,0.022794492605813454,0.025280681378242242
2022-06-07,0.018180270454324354,0.00742652149285683,0.0130951581492178,0.011517176048262412,0.03519238756938403
2022-06-08,0.02848543480597665,0.025051539951271407,0.03387246453665638,0.020258280757097902,0.0014590552617181896
2022-06-09,-0.007316053511705611,-0.012920526572403723,-0.033019170353273064,-0.028117300352674124,-0.011400473502094277
2022-06-10,0.02784211880863796,0.008705853297110266,0.032091234584272765,0.01839240443406087,0.013263576744528605
2022-06-13,-0.025380710659898442,-0.030054477566260562,-0.029487344211743594,-0.028066578806072107,-0.037342738709911893
2022-06-14,0.00875840807174888,0.008140855736463504,0.012907923479182015,0.0017577340297307842,0.013597733711048221
2022-06-15,0.002373179597601194,0.0217840375586853,0.01182851914782379,0.023061111946658608,0.021278181479411185
2022-06-16,0.0010971623915831952,0.0019604239416775027,-0.005425305173415995,-0.0007350418973881556,-0.01098299642414069
2022-06-17,0.042684755773978456,0.021889330479975433,0.012987856354308658,0.02378383679874463,0.018004058291828162
2022-06-20,-0.004967803323670639,0.01382157601866818,0.03378421693698308,0.019734636202519473,0.039575254593556375
2022-06-21,0.0020682063313799404,-0.010800283286118928,-0.0074413989830087734,0.004133590116961905,-0.007843820812271196
2022-06-22,-0.005403965867353144,-0.02141876976314061,-0.006872422841434411,-0.013753099125228041,-0.01226282501756859
2022-06-23,0.01177034987504455,0.014205584684794381,0.006353799698037177,0.006308400132808423,0.025683895983778404
2022-06-24,0.028620419685291276,0.027652539825668843,0.01562793023691933,0.017015460030165963,0.008739985433357855
2022-06-27,0.0008254495752151314,0.046797309154723576,0.020865390533637118,0.0403670575149464,0.05741791301358079
2022-06-28,0.013630107273496561,0.03716121821737928,0.023212347763173824,-0.007617605131860161,-0.00032515038205171987
2022-06-29,-0.00317017499365968,-0.024946120689655182,-0.007895822285074572,-0.004937828253355536,-0.005399251910879754
2022-06-30,0.01944197091124944,0.054870973089462316,0.024054166419195777,0.047999278206342755,0.028974132574642653
2022-07-01,-0.008292951770896173,0.005605028810895751,0.007017747361095061,-0.0042615470707244585,-0.04020340060384542
2022-07-04,-0.0057933175000131065,-0.010209928634682508,-0.007832747797039574,-0.01296904720733183,-0.010761589403973537
2022-07-05,0.0079153307458657,-0.01278880058944254,-0.0029024206187960866,0.006350735809390384,-0.008903765690376653
2022-07-06,-0.01622430454186352,-0.020631197355794884,-0.01612621528788505,-0.037689863776820265,-0.02715390590698763
2022-07-07,-0.006381892443839354,-0.01714658973381966,-0.010532544378698216,-0.0013115643797205756,0.004860267314702238
2022-07-08,0.0048171619422796574,0.006147540983606481,0.004126300681736694,0.026809165836428006,0.00404214890309218
2022-07-11,-0.01885666801610797,-0.018274894038641465,-0.020606277172294685,-0.029857987121813534,-0.02604775996146169
2022-07-12,-0.008246829395413546,0.003476310625175172,-0.010580723624201815,0.0015002045733509828,-0.009927574633456948
2022-07-13,0.0057370273658394755,0.01732133877186115,-0.00024583615020601357,0.011211983658647284,-0.0022480730802169058
2022-07-14,-0.0032059481496400366,-0.016312407315867472,-0.0023974918546749713,-0.01220990259011534,-0.004792389399520869
2022-07-15,-0.0019111897429177072,-0.0012841987716358805,-0.0031427162928271413,0.015087480118154861,0.00233586085456583
2022-07-18,0.0011817356194812056,-0.014367976742885813,-0.017926686035729777,-0.013744012177105192,-0.006345905636024773
2022-07-19,-0.0046776467502376295,0.008905275099262644,0.006672121860640701,0.001225601452564673,-0.008298755186721851
2022-07-20,0.003843155340338855,0.0011806375442739991,0.009003939223410251,0.004080337307884152,0.019610696743678213
2022-07-21,-0.006070815239387128,-0.013533243486073765,-0.02230897936419407,-0.008172664469228375,-0.0006779902940337035
2022-07-22,0.004402086589043286,-0.004497068366824064,0.011979463776383259,-0.006327961394882897,0.002142474558114449
2022-07-25,-0.0012874454890100528,0.012408508691674314,0.004133784291619591,0.005955926146515633,0.00716194548369864
2022-07-26,0.003049967909510176,0.016436035018356332,0.011477045908183658,0.016304595345447925,0.011993207386966631
2022-07-27,-0.01674022302067779,-0.016059124249833356,-0.009250123334977767,-0.026349988796773416,-0.03174270232476839
2022-07-28,-0.01201388270890813,-0.005534534364940336,-0.0024274866177018684,-0.01132231785336224,-0.0030328194389285246
2022-07-29,0.000247703116555531,-0.04952013175080927,-0.036188931178636086,-0.03184209301242957,-0.04385615470973825
2022-08-01,-0.004581372835948616,0.0010754615522494682,0.02492393344986077,0.008655094484781412,-0.009506855541246861
2022-08-02,-0.005835057841707014,-0.017427633542226317,-0.019770085901970713,-0.022786861801020186,-0.019731559022599376
2022-08-03,0.0028550304271171,-0.006499422948429756,0.0005154971325471713,0.006732035709059003,0.0026526233664909693
2022-08-04,0.01758614431867156,0.013389581804842177,0.02099568493591808,0.025197460871250632,0.025755748356222963
2022-08-05,0.004430623129524802,0.014479638009049722,-0.0026493408187724388,-0.001512501772462982,0.006561729565712104
2022-08-08,-0.006896819584082392,-0.007552780255724145,-0.011004996521409183,-0.016710059171597624,0.00467254502976866
2022-08-09,-0.000854820236332654,-0.00557286673058488,-0.0067148430005756765,-0.008472944348160927,0.00045007876378377887
2022-08-10,-0.019012257314127257,-0.017957216028924305,0.0027684779809427074,-0.023645368032627734,-0.01432106170803027
2022-08-11,0.017613662273701536,0.023992145793704234,0.011878009630818642,0.02745039534536775,0.01818043511334233
2022-08-12,0.011819271574371681,0.004733940556088223,0.042385786802030534,0.01858574125163348,0.020246544639521913
2022-08-15,-0.0044897913990875615,-0.01610305958132041,-0.01649622595568545,-0.02223806129722017,-0.01973491505565317
2022-08-16,-0.0011400225780081596,-0.004667515305813219,0.0,-0.007824269815813856,-0.033952115937698535
2022-08-17,8.907892392651107e-05,0.005907429963459165,0.014854242743083557,0.017584247648902762,0.002358490566037874
2022-08-18,-0.012525607909503855,-0.0167705999878911,-0.035982191864365465,-0.02974729241877261,-0.010916104146576622
2022-08-19,-0.00027623997925385613,0.0014162561576354094,0.012968937812361636,0.0024805278563277966,-0.005966773262616187
2022-08-22,-0.0005808281594513742,-0.013281682346430568,0.019485385960529733,0.01331221853813025,0.0015300717956765464
2022-08-23,-0.013524798284714756,-0.02181093039197357,-0.02070570938495464,-0.019486227778862997,-0.014807270448135346
2022-08-24,-0.009042915239113825,-0.004841689494807899,-0.00681846615788817,-0.003984659062609031,0.005367793240556695
2022-08-25,0.017777572553274945,0.013891556238396996,0.02204446683882355,0.028504275641346055,0.05141388174807204
2022-08-26,0.007372456502506619,0.0043566106831669504,0.008812473038762425,0.03218748480575684,0.04111340981756606
2022-08-29,-0.010797604035308828,-0.029861067454579726,-0.05589492974954169,0.006736068585425636,-0.005889153840595407
2022-08-30,-0.005019520356943752,-0.008553654743390315,-0.0092526690391459,0.006784577952461124,-0.004397601308377186
2022-08-31,0.0308867941795552,0.020653594771241846,0.003983803552769061,0.03741227866338259,0.03252537051909177
2022-09-01,-0.023919170846464555,-0.023245389344262235,-0.031743966694854575,-0.01576919630857454,-0.001484885981969275
2022-09-02,-0.003348093746624925,-0.011276470202583044,-0.0347329526368827,-0.023577605826126447,-0.01433983641964387
2022-09-05,-0.02281386170237032,-0.018699025263576585,-0.022898106904231774,-0.017247809062092223,-0.020655219484158382
2022-09-06,0.0058366212966638464,0.010203392121089117,-0.0024218249163043826,-0.003320368086519254,0.011884238711807216
2022-09-07,-0.015661629877213756,-0.010635451505016769,-0.019921456622634892,-0.00851894155720534,-0.028636676695544927
2022-09-08,-0.0017744188925503668,0.000878912852410263,-0.009689640099081909,0.007056112897806388,0.027876254804642286
2022-09-09,0.017592658209907075,0.01614428532828982,0.00809240050025739,0.018684461391801577,0.020403717688062706
2022-09-13,0.01985363673822338,0.014425314099581144,0.02758520032109768,-0.001029384241063025,0.006368746886785903
2022-09-14,-0.00569048323583643,-0.00806028833551764,-0.019103756835451957,-0.01489461358313815,-0.0024748099699488657
2022-09-15,0.006295355172492689,0.013212657726101584,-0.004126846220677605,0.015642829973373962,0.013113592060960633
2022-09-16,-0.0119432185267756,-0.021646997457129724,-0.023700472555434504,-0.03085061560788349,-0.022739198880531775
2022-09-19,0.0072755738724012975,0.012929023658780459,0.013329361828877895,0.01342865423630557,0.015213889386074708
2022-09-20,0.0036343687855722173,0.01822488321600102,0.01704879482657251,0.023450905624404106,0.008251057827926678
2022-09-21,-0.017081169718502376,-0.015120186094598087,-0.009031791907514464,-0.015834575260804784,-0.013779114499545386
2022-09-22,-0.015750266462764673,-0.029851725495341763,-0.01472839956252281,-0.015048268029528744,0.0010283687943262176
2022-09-23,0.00801586694367118,0.0015554203016161505,0.008732331828609441,0.008407802440664858,-0.0019483509865740878
2022-09-26,0.016680776528973817,0.020121539500337793,0.0295649622184726,0.029777502501310282,0.027543124866898472
2022-09-27,0.014356924631888424,0.0577177654222929,0.040473136668091714,0.023734616452299573,0.029464594127806443
2022-09-28,-0.0028307441460211358,-0.0076971214017522716,0.009861662785919822,-0.00447417182627563,-0.004462637989464113
2022-09-29,-0.0015045534031293828,-0.006873935801223419,0.00840906008409048,-0.0011803159615034753,-0.008661948095719518
2022-09-30,-0.004463600334343676,0.00457200914401823,-0.008607935440484216,-0.0015453140623580275,-0.004725801516336281
2022-10-10,-0.04940542145965887,-0.06529709228824265,-0.025573192239858766,-0.0926347414420976,-0.06760265081642425
2022-10-11,-0.0036110844068448777,-0.002096436058700246,-0.004037591367908155,0.030301510058696524,0.0
2022-10-12,-0.012054440967008584,-0.013486039577121245,-0.007758439924512417,-0.015825096167892072,-0.016852903462172386
2022-10-13,-0.03662898579032181,-0.02081472830940445,-0.012397858551704832,-0.015782703344547788,-0.01825973542016035
2022-10-14,0.023835621645937888,0.038936438894345615,0.01733238231098433,0.011612124868044083,0.016473714177263288
2022-10-17,-0.011826007314673315,-0.009926396110473301,-0.01998177101591525,-0.021615980918306632,-0.023749953321632655
2022-10-18,-0.007934519858218136,0.00716136952666746,-0.022964658749463518,0.0001523693432881057,-0.004131124966530231
2022-10-19,-0.036505381434838946,-0.028441795896255062,-0.04517829684410912,-0.05728214503351614,-0.03034376800460936
2022-10-20,-0.0029482677289166537,-0.0024395343974349393,0.012730061349693234,0.0021547080370609706,0.02808476926124004
2022-10-21,-0.012813604762718311,-0.013974287311347089,-0.010676965015901874,-0.027144700064502203,-0.012290976342760218
2022-10-24,-0.0816869907875819,-0.06320861678004541,-0.058783008036739415,-0.07718658489419306,-0.09229568948702949
2022-10-25,-0.015605972745723395,-0.008396369137670057,0.011303569976417016,-0.012094359956891454,0.005414929734840257
2022-10-26,-0.011538433217727961,0.009764284079639918,-0.009649404953361196,-0.01230303030303026,-0.013464415473391611
2022-10-27,-0.046990464839094304,-0.04759386567953472,-0.03223449171809023,-0.08989384549303558,-0.048743500866551104
2022-10-28,-0.032048275646437197,0.00317284048544475,0.01719942948233899,0.007011866235167252,0.022455021635162664
2022-10-31,-0.008075457070870207,-0.03162805408397251,-0.010887495875948505,-0.026713979646491803,-0.010023164647184557
2022-11-01,0.09118959228865431,0.07414060586266036,0.04869913275517024,0.09389832840338452,0.08369707060252907
2022-11-02,0.007423544947886107,0.007905739262637823,0.012006997455470625,0.031002389636523464,0.020470871569156612
2022-11-03,-0.024039458482685072,-0.020363526661135944,-0.01980042429480633,-0.013601707837755384,-0.02950032552083337
2022-11-04,0.05848294911292906,0.06990530448841348,0.03519038076152303,0.06838980954736584,0.04683241792796955
2022-11-07,-0.006781896780391317,0.008203209325753802,-0.006659439368127518,-0.0050931820812594175,0.016701377763537195
2022-11-08,-0.016045559862281067,-0.026050959960031483,-0.012550670408481457,-0.022629435718441004,-0.02261177860941488
2022-11-09,-0.018324530516431903,-0.015315843470614099,-0.018236362200994782,-0.02077257306112723,-0.022328805771633653
2022-11-10,0.011283645439464252,0.0026791694574681557,0.011257639112254747,0.011062484804279071,0.025848208764480463
2022-11-11,0.03927378594863007,0.03161879314183946,0.04357506361323149,0.05392569436094741,0.03813695547339657
2022-11-14,0.0034483494137804716,0.0020145334196703946,0.018820481560499758,-0.0178540870458046,-0.024619672511903334
2022-11-15,0.03897060907519201,0.02764414446758101,0.025129010545209773,0.016494366360785273,0.008254950986228637
2022-11-16,-0.0018754432865950577,0.00041922861934051703,-0.011454001605019304,0.0009713175637069416,0.007518205077740481
2022-11-17,-0.012469509487076147,-0.01124458723285382,0.0005166051660516757,-0.018494206290313397,-0.025550867323019255
2022-11-18,8.994547920182505e-05,0.007134279861552795,-0.002212878955521025,0.013375981389939007,0.014674043781573332
2022-11-21,-0.03261959943270265,-0.03282367793519436,-0.0259481037924153,-0.04321377331420373,-0.028607554923344436
2022-11-22,0.014281627690767351,0.00942712110224786,0.003491196114147055,0.0011996161228406965,-0.000772860397006192
2022-11-23,0.006381013488263809,-0.0033045977011493255,-0.013764937225835716,-0.005391804457224869,-0.010177081213108119
2022-11-24,-0.02032480452876717,-0.014127144298688221,-0.00613496932515345,-0.02017829177207575,-0.017725683734320374
2022-11-25,0.0014446009826147854,-0.0031437344641029874,-0.004012345679012208,-0.0017212762033564921,-0.00046055937028977034
2022-11-28,-0.008662243899652089,0.001980198019801982,-0.00991633095754585,-6.158014656065802e-05,-0.012524609391362573
2022-11-29,0.0641982423281946,0.054164836773532565,0.03153364632237876,0.07747259514718574,0.0635021634003563
2022-11-30,0.0,0.012567698930703974,-0.008950921641508014,0.0004000914494741714,-0.019185513142674804
2022-12-01,0.02152546503127284,0.05300692587259137,0.03061615001913509,0.053590813003485005,0.018584790565270515
2022-12-02,0.0020409245122987585,-0.00996353216983592,0.0020794652803564073,-0.014261699473998135,0.005469716932167579
2022-12-05,0.020513159634968803,0.03584818785765953,0.013859038019713887,0.021289470788865783,0.00956956797966968
2022-12-06,0.014968701805316176,0.04375158750317509,0.02485380116959046,0.037058981955292225,0.03775811209439528
2022-12-07,-0.0025537565759231606,-0.010464196629555222,-0.0007132667617688604,0.00628473484651737,0.004964942202008826
2022-12-08,0.001933022684213137,0.0066400245926836465,0.012348322626695385,-0.0016516981521628171,0.010144818222959762
2022-12-09,0.027457293623110557,0.0519758138398585,0.05971938235916241,0.043842415468927864,0.023109949598655977
2022-12-12,0.005608336649423062,-0.028564793311658288,-0.016034597471723422,-0.02159484893511643,-0.02368267406218072
2022-12-13,0.006788925025041026,0.006693760459000719,0.014740685644736073,0.016958590665181683,0.0050457858344232775
2022-12-14,0.012816891028790467,0.027368796010448948,0.04224695142266954,0.04395440290706354,0.036705094830792095
2022-12-15,0.009774495358327417,-0.012250794568043899,0.002301643117447849,-0.006437154300972692,-0.01743372672812693
2022-12-16,-7.205865574566594e-05,0.003276194933598653,0.0010206034317790103,0.01746892546911738,0.010039794092950194
2022-12-19,-0.008329379830529948,-0.014986296577059965,-0.011852418275664411,-0.013725767652469245,-0.010193016699197699
2022-12-20,-0.03512341641838046,-0.04404451811508403,-0.05029986457728752,-0.052989000478239956,-0.04473415132924341
2022-12-21,0.015062887555544302,0.012261580381471404,0.01018537380321849,0.017068982931017107,0.023318934210023512
2022-12-22,0.01793089802883774,0.03064970023247282,0.01814882032667864,0.024478649453823165,0.018454182076282244
2022-12-23,0.0018222459789105638,0.004689262183178,0.0031689443454148147,0.018756361169000924,0.004328210395040832
2022-12-26,-0.01754662527587114,-0.009984639016897057,-0.024218492925304203,-0.01750713606089427,-0.00825389868887183
2022-12-27,0.007930238586010718,0.014620755505162064,0.02016591353611652,0.024162308735231397,0.015835021174737562
2022-12-28,0.0,-0.005117045053523173,-0.009189475076027964,0.008557515011110572,-0.0023563530904477936
2022-12-29,-0.008571970879790336,-0.008454034880283845,-0.0049376125975846286,-0.02404837802362647,-0.00915697674418603
2022-12-30,0.004940619924284961,0.011566897209634996,0.004291557701334492,0.024544886882174932,0.007921373037993229
2023-01-03,0.001849769239750998,-0.014676411646823095,-0.022501168458302745,-0.020721987810595532,-0.03329209722020077
2023-01-04,-0.003067033074884651,0.0025124125142070852,0.0038934426229508823,0.005457679050172359,0.0006022055779293378
2023-01-05,0.046756171396224566,0.06193686974163137,0.05470504184527458,0.06470812303590145,0.03784088771863825
2023-01-06,0.0016282336897421867,0.008203629825251468,0.005806077027288525,-8.94414382183184e-05,0.005219093182559531
2023-01-09,0.021965962441314657,0.030206765869698504,0.06561477775639779,0.017397915828078148,0.00894177032630239
2023-01-10,0.0076086894104270275,-0.0034622667027318643,-0.0004213314072468721,0.0023738350624231686,0.014365864989458021
2023-01-11,-0.0054140925980805665,-0.006188589110254661,-0.010778587342686774,-0.008771160424524194,0.0
2023-01-12,-0.0062744244146736294,-0.003878297918828766,-6.087168249324648e-05,-0.0015042916556057273,0.011625858728201433
2023-01-13,0.030561113577783905,0.028460188637859263,0.046752298045899865,0.03385324353066288,0.03224795403099434
2023-01-16,0.014491699445510653,0.04233537723273795,0.020936318697295953,0.033001885822047106,0.0180155865186733
2023-01-17,-0.0027025089210371833,-0.018722185278019277,-0.012987752776986605,-0.01240560949298819,-0.019552609776304797
2023-01-18,-0.008295404898713055,0.01532606995777508,-0.009811277197437573,-0.010544889299668125,-0.02322122697312834
2023-01-19,-0.00713238123386295,-0.0025671304615700885,0.0126478988168095,0.0037364130434782705,-0.0022492906083466657
2023-01-20,-0.011345510098627276,0.017604365058938587,-0.007827788649706569,0.0017766497461928488,-0.007213956230707863
2023-01-30,0.01590124073989907,0.04491881228185535,0.00800556909154193,0.006038341356304322,0.0018515283842794883
2023-01-31,-0.023621122562533903,-0.04163237643413853,-0.0511625230202577,-0.05133263378803776,-0.01876002510635333
2023-02-01,-0.00045246536349008437,0.005354346618174466,0.01758961606113907,0.006548093089107088,-0.0022032693674485238
2023-02-02,-0.005076782030712934,0.01230970205496651,-0.015855039637599044,0.0023736263736262586,0.001673908398034163
2023-02-03,-0.01042998491078928,-0.01245781218979547,-0.0020592332384471446,-0.01631292755656899,-0.017137777777777807
2023-02-06,-0.013385868015341362,-0.04171483138161536,-0.030102567214905673,-0.005661554921540524,-0.018919798864088677
2023-02-07,0.0011797809146840699,0.0077096554256044225,-0.006257430698955013,-0.005066128670701775,0.011762536873156426
2023-02-08,-0.00765953936708641,-0.018840428853960534,-0.004659656192934958,-0.003289473684210509,-0.014869346550530183
2023-02-09,0.020187266584730024,0.041587099511988024,0.01961156449674184,0.042497400424974074,0.03159335577670097
2023-02-10,-0.004655954092292691,-0.013699327765329117,0.00043432400570830865,0.023548289171256398,-0.007136453290299438
2023-02-13,0.027101617911041043,0.03975835183559662,0.049181344579508623,0.05762223540377942,0.03499963880661716
2023-02-14,-0.007150257887485911,-0.01569250633162833,-0.012709109180114586,-0.03433218492108003,0.009771418600593273
2023-02-15,-0.0015997522964186217,0.008879471267847272,-0.006226799185726328,-0.005932379174445113,-0.008570934853983081
2023-02-16,0.011957064833479691,-0.001050157523628581,-0.0036751415833231604,-0.0025039646106335134,0.008679889845574662
2023-02-17,-0.023291053034817377,-0.013215859030836885,0.0005442341416217467,0.0058572504392937486,-0.01904202377661046
2023-02-20,0.0315047559282049,0.024350649350649345,0.01698295660582616,0.02637051825971226,0.013633961599436306
2023-02-21,-0.004506458318077056,-0.014213549920760626,-0.02555416889522799,-0.013413843410601367,-0.019463367162519174
2023-02-22,-0.017541576365272205,-0.012961567445365585,-0.011587485515643148,-0.008420620250564781,-0.007620870551538261
2023-02-23,-0.01036729004797754,-0.012215605435944465,-0.01122971555500707,-0.0037282518641259532,-0.004000428617351837
2023-02-24,-0.017459827846097453,-0.020611119699077696,-0.015163806552262127,-0.011975051975051998,-0.025533440918056316
2023-02-27,0.013274257654466659,0.01951912453306681,0.02743631985806627,0.010941839912465223,0.006881831229529345
2023-02-28,0.0019466398540897156,-0.002012591598720248,-0.01769966080789398,-0.004995420864207789,-0.004020467836257424
2023-03-01,0.014463497027369154,0.015305858627643554,0.020215971873430494,0.02209020165676523,0.006055045871559583
2023-03-02,-0.0060560399365064965,-0.005805958747135187,-0.005046153846153811,-0.0013098649201801482,-0.01969724603319345
2023-03-03,-0.005763121806704019,-0.0024588904256954702,-0.0004948045522019662,-0.0018854004426591686,-0.012353488372093047
2023-03-06,-0.0063435897734349656,-0.006059672366866886,-0.00556930693069313,-0.00874671484888312,-0.0048223637117131846
2023-03-07,-0.011034515072889883,-0.021338155515370882,-0.015121344119477187,-0.020589088197522698,-0.028960817717206044
2023-03-08,-0.010589092287374147,-0.006071164607749813,-0.007202881152461038,-0.015227138143981023,-0.007680311890838176
2023-03-09,-0.00023942776763541396,-0.006904976894885118,-0.009864443454464356,-0.0035220341895025875,-0.00467528385651983
2023-03-10,-0.011986229606346321,-0.014761726480183923,-0.013947808201568379,-0.02155172413793105,-0.005289334491197617
2023-03-13,0.007271713639916966,0.01824005211443458,0.02516133237728968,0.029735682819383324,0.03591269841269851
2023-03-14,0.0024064058523789456,-0.01770005864477253,-0.013289247790424175,-0.018096256684491885,0.0034476153993487912
2023-03-15,-0.009050371197253604,-0.0160651289009498,-0.0059285990462689675,-0.015772046009062457,-0.015270089711777013
2023-03-16,0.0006480331889895385,-0.0061779469358486105,-0.0052508751458576475,0.00044267374944673143,0.020973056793952338
2023-03-17,-0.0060464102843447165,-0.014985846700338534,-0.030498533724340082,-0.005575221238938055,-0.023845686512758313
2023-03-20,-0.0075507084878488895,-0.014650363441708447,-0.0033608926530886984,-0.02100204680964668,-0.003889839738602796
2023-03-21,0.027855665928348428,0.036255504088751556,0.023605584406825475,0.043405144986819355,0.02389878163074033
2023-03-22,-0.0009849393814581608,-0.0025936758457039133,0.001976675232259195,0.005836999607962801,-0.01258581235697942
2023-03-23,0.0009022574361547964,0.015547194865552783,0.015058854474913064,0.009310986964618184,0.007956740054074984
2023-03-24,0.0022446555110471333,-0.008499046581312952,-0.009328841668826304,0.0069080923367372815,0.009541692213365982
2023-03-27,-0.006450844327962502,-0.014341447332271051,-0.009155113784985458,-0.01474410874845522,-0.00800910988802439
2023-03-28,0.008399179865948847,0.011651243170922143,0.0417766631467793,0.028285973790060925,0.012780286217188408
2023-03-29,0.0048750616814206005,0.015319336529453942,0.004878048780487809,0.02039957939011572,-0.0031736436451564876
2023-03-30,0.005916354578962668,0.016879240162822384,0.006430462741142229,0.012201154163231642,0.0038280776228019064
2023-03-31,0.01176311440216904,-0.0074188727583263114,-0.03075670258080676,-0.007126567844925935,-0.009816877477817676
2023-04-03,-0.010423024828075333,-0.009732752594504457,0.007367672720222318,-0.0020507772445756967,-0.01746425166825538
2023-04-04,0.0073547553310227,0.005212858384013863,-0.007506255212677337,0.02030331675640129,-0.001785229169092406
2023-04-06,-0.01028096243337484,-0.03030466724286951,-0.01603102779573362,-0.037019133937562954,-0.039267524590801184
2023-04-07,-0.0035175790571474463,-0.00824466603531826,-0.028182893180922264,-0.0043503722914749465,-0.019707822427259103
2023-04-10,-0.01140596728988541,-0.024771105993371845,-0.02000946393564529,-0.0063019914292916646,-0.03418097754293259
2023-04-11,-0.015670512521457236,-0.023729985024766753,-0.006208181002966162,-0.03598004397091159,0.006197640622328526
2023-04-12,-0.03123234066341385,-0.027787610619469105,-0.024501978205039188,-0.02543748081224495,-0.019030627415997592
2023-04-13,0.018126736622907424,0.012500758541173607,0.0001423082396472264,0.0049952747401107445,0.024206469492920046
2023-04-14,-0.005901813051754745,-0.013724902607132106,-0.009604439385315855,-0.021269926562779817,-0.014205986808726645
2023-04-17,0.02452824342329496,0.015738940204180762,0.01946699231377047,0.017705998078418883,0.007248241550866341
2023-04-18,0.003024382572297757,0.0008375710439723072,-0.0028889515219842066,0.00296709224959546,0.00353417074728557
2023-04-19,0.0006030526525271362,-0.012134616534162257,0.004522648576072541,-0.008919766920663319,-0.004837067209776058
2023-04-20,-0.010318039090421505,-0.016882488200411383,-0.020541681322546745,-0.011713626701641777,-0.011725078877803385
2023-04-21,-0.00999324040411409,-0.009232473687449949,0.0,-0.001738971261211919,-0.013244747400664392
2023-04-24,-0.012591499046564536,-0.024849350810710047,-0.01982331394096093,-0.033785642248097436,-0.011542497376705096
2023-04-25,0.015810818387396175,0.011467159329808352,0.028797537920422167,0.017886796033591112,0.020125619249822924
2023-04-26,0.00829750829444209,-0.007495118725199923,-0.011253561253561362,0.0004195021907336116,-0.003121883536400305
2023-04-27,0.00852117216295456,0.003553750475948636,-0.009076501944964677,-0.0003261426641195664,0.017659083989387092
2023-04-28,0.0015680125441002168,-0.001074996838244524,0.010250072695551005,0.0032624906785980734,0.01854938667350514
2023-05-04,-0.0063947011892216965,-0.00031651579413816133,-0.03353241706843202,-0.023506457307442163,-0.03965423188284167
2023-05-05,6.060128595919423e-05,0.03014184397163122,0.020996202814384635,0.012416745956232322,0.006073582102595454
2023-05-08,-0.017864176508729068,-0.01419965576592086,-0.011303143002989735,-0.007001550679009538,-0.02475570032573282
2023-05-09,0.0009131574888168181,0.021013905343892247,0.0072282047499629964,-0.0049687677455989565,0.02948118459140492
2023-05-10,0.0018493062019566686,-0.008855502626114675,-0.012814879906268284,-0.016597707709135934,-0.016308344508370376
2023-05-11,-0.004879309390055653,-0.004621356830365353,-0.004302351457607045,-0.008559822033078701,-0.006508355321020343
2023-05-12,-0.006597415445495525,-0.019809335149189033,-0.011994338076435906,-0.010584849519535533,-0.010047804532577809
2023-05-15,0.006161966351929005,0.01938865731969175,0.008595988538681931,0.010155787813054706,0.006841046277666019
2023-05-16,-0.008048103035514287,-0.012081035871383317,-0.0008223684210525439,-0.01405563689604683,-0.008126831867839135
2023-05-17,-0.0014281081620435288,-0.00721183995986463,-0.019304152637486083,-0.014850014850014803,-0.014775016789791762
2023-05-18,-0.006245199003266255,-0.004295369843977048,-0.004348821240558465,-0.013214752286202502,-0.013905930470347605
2023-05-19,0.005341779629594701,0.013576095920827314,0.006130268199233901,0.029431233769540155,0.023687727545048
2023-05-22,0.029067405124614698,0.04262377167177811,0.03244478293983244,0.05366770539644872,-0.03281861972718669
2023-05-23,-0.013029771052647576,-0.021671269059911236,-0.022056653880200727,-0.015491503145244612,-0.052178365295103335
2023-05-24,-0.008401137384753565,-0.022396760139903105,-0.02081918986195963,-0.014209422086591594,0.007955605755536999
2023-05-25,-0.006144755544245428,-0.013494853125784578,-0.013404206147446307,-0.005417432523943111,0.0012180267965895553
2023-05-26,-0.006519987759409984,0.012088821021823515,-0.0010931521824001367,-0.012012450150763576,0.0083211678832118
2023-05-29,-0.000980644836842015,-0.011567234550826755,-0.008598452278589908,-0.0008368200836821327,-0.0156845712079533
2023-05-30,-0.013031468069442442,-0.019652738027094108,-0.006071118820468291,-0.02069169376293223,-0.016767993724259744
2023-05-31,-0.025112845229898206,-0.02588555858310615,-0.020228462636839528,-0.02882583760941737,-0.00428842126259088
2023-06-01,0.004590845775048535,0.01425241425241408,0.0016193020808030756,0.018130018130018133,0.012920673076922906
2023-06-02,0.022575920320281107,0.03007420053844645,0.027887802117856353,0.023861612821165057,0.018392168495995342
2023-06-05,-0.003564994302375113,-0.017211703958691982,-0.020682604592639153,-0.027131782945736482,-0.020050490338867855
2023-06-06,0.0012713786472275945,0.00272426542128823,-0.0024893599935759125,0.011390336091531283,-0.0064404260589545625
2023-06-07,-0.010266586694911983,-0.01047933242771204,-0.013041378199967868,-0.018736427453158844,-0.02383445524806782
2023-06-08,0.011024221051749272,0.005360528208145254,0.030342577487765032,0.005249613998970615,0.010675793022424385
2023-06-09,-0.00127532313499934,-0.001495545874244053,-0.006253958201393184,-0.0018431292238377806,-0.019256039623976595
2023-06-12,0.019154274914923164,0.03790049492055214,0.023659682944316085,0.057755437012720456,0.009533625354290143
2023-06-13,0.0018794284031748987,0.01675241561049079,0.011050583657587376,0.017942003685384567,-0.006380806533945904
2023-06-14,0.017433389818850342,0.028386300524529506,0.013623768472906583,0.034775152439024515,0.030978679681479493
2023-06-15,0.017282175144888834,0.025922592259225885,0.015794669299111552,0.010588343614768458,0.043551923460235065
2023-06-16,0.025790977688901373,0.012165877054454155,0.004859086491739273,0.00956632653061229,0.0019100372457263592
2023-06-19,-0.03162104221635886,-0.037792545507079,-0.01748251748251739,-0.029509972024185482,-0.023543990086741018
2023-06-20,-0.0003284212062788505,-0.021199927932256335,-0.004467327932157206,-0.02171285103217413,-0.029431862553690014
2023-06-21,-0.004641994536682792,-0.016014234875444733,-0.0073014907210220414,-0.00708141248039551,-0.027156147850138312
2023-06-26,-0.016399154065254273,-0.029556650246305494,-0.019460619062212747,-0.03561171740379088,-0.024192297751356784
2023-06-27,0.0012739011825531055,0.02081860823748638,0.008048132520706242,0.028588445503275883,-0.019653546644064268
2023-06-28,0.010755424258974244,0.0034619500220305355,-0.009146577784667764,-0.0017371163867979655,-0.0018912785042688451
2023-06-29,-0.009007681397019462,-0.017940032618241064,-0.022451693655636373,-0.02702049497293113,-0.032212657679605905
2023-06-30,0.001982725504046101,-0.0015329586101175963,-0.00480153649167725,-0.013413483034427909,-0.0029089281718504
2023-07-03,0.02046823404281617,0.02424513817809637,0.025410099710517775,0.04244926733470966,0.06227558348294426
2023-07-04,0.0039388210199728935,0.005371307226281763,0.002901505646173197,0.013766785817795446,0.026988486320904226
2023-07-05,-0.009186716080978319,-0.01764303907560416,-0.020017202283212132,-0.029208557678562896,-0.016610953972743592
2023-07-06,-0.007553974365222538,-0.006829823562891191,-0.012766296975983304,-0.010012761362520939,-0.0006275494195168152
2023-07-07,-0.007949076802199806,-0.00407513530722714,-0.0035561302836821795,-0.006593951412989463,0.0008895866038725053
2023-07-10,0.006725777610028683,0.006009845917780199,0.005758780111931205,0.008234765683485579,0.017096251372405336
2023-07-11,0.005592978660635239,0.00343183984747375,0.0020967741935484785,-0.0028215028215029525,0.0027757787601523365
2023-07-12,0.0023225396359725092,0.002026727468490863,0.005472396587799633,0.007048895507570263,0.01245642813204828
2023-07-13,0.015000548800565783,0.045445926300486716,0.02417160236913718,0.06605215162419276,0.04364335982988199
2023-07-14,0.008771192041044484,-0.003990326481257522,0.0010159424820257446,0.008045498682202723,-0.009508562557609346
2023-07-17,-0.0137153542885049,-0.014143498846667546,-0.0113201655086268,-0.027521673317737694,-0.0007836606749277442
2023-07-18,-0.004329422562510898,-0.007758142971491799,-0.013029058749210454,-0.0032545634639875587,0.0027939806872212536
2023-07-19,0.00012129004087468864,-0.0004964318957493274,-0.0029602368189454165,-0.0054419837213705025,0.007527617557923527
2023-07-20,0.0006063766569242013,0.0014900353883404716,-0.003530733429626065,0.0051862777751343625,0.0002425771395302423
2023-07-21,0.02866423454979583,0.016799950406050534,0.021259462071186785,0.022294802612894182,0.007372556628025384
2023-07-24,-8.836836648129509e-05,-0.011644921351054771,-0.004100299637281202,-0.017965458165485892,-0.025133612595695465
2023-07-25,0.03381861673609121,0.06255012028869267,0.042359461599366766,0.0739780281955773,0.07754235195337578
2023-07-26,0.0,-0.009869375907111677,0.0018989745537409952,-0.004653613135481627,0.013384058303158142
2023-07-27,0.00540266371837772,0.003869832893579561,-0.0013646702047005466,0.009130204657727514,0.035189289429643944
2023-07-28,0.03342648384226021,0.015886922492845068,0.030747039174005453,0.022728266095546124,0.0069034823262112965
2023-07-31,-0.009006439439648073,-0.0010348990973380046,0.028577741769168385,-0.01649643147143043,0.006509004122369211
2023-08-01,0.004660379029401307,-0.0064460431654677075,-0.014965986394557818,-0.015295702429061753,-0.027074800603578364
2023-08-02,-0.004958295227916354,-0.011006198227422881,-0.008868857225937776,-0.0007501875468868269,-0.005095936544511792
2023-08-03,-0.0008471104122604878,0.0036314648860773513,0.009314947924306871,0.002031443207913819,0.014341706752182493
2023-08-04,0.008312045261857026,0.003968485555879919,-0.0007266913741735825,0.00890260026443368,-0.0018442083077193638
2023-08-07,-0.0030446084600546097,-0.01145149101900833,-0.015489782561268206,-0.020487506552507417,-0.00976596867851487
2023-08-08,0.0011410805536722357,-0.0025285193461132005,-0.0011079923179200257,0.003077197520403141,-0.005464238116392628
2023-08-09,0.00015417313643228958,0.0017685550904911196,0.004584781483398581,0.00622443535479289,0.004466878098896787
2023-08-10,-0.008412151374682098,-0.005119755193314868,-0.004711078395288837,-0.0013255567338281704,0.0011562235958553213
2023-08-11,-0.02276336098248888,-0.02336448598130836,-0.02514606907773098,-0.019113352800637196,-0.02514102962732645
2023-08-14,-0.017612235390366715,-0.022651565622918146,-0.02359456793869974,-0.012539467749210664,-0.009249555747938176
2023-08-15,0.0057716552737197,-0.013137510070025393,0.00909090909090926,-0.0026036908459711183,-0.0012417218543047115
2023-08-16,0.004036524219145354,0.0012558869701726483,0.0003080003080002669,0.0016029310739638092,0.006907031357922255
2023-08-17,0.0046101687149942006,0.010912511759172183,0.004926487568316595,0.024645633287608604,0.019298486303562346
2023-08-18,-0.014513821193827381,-0.03046094670885291,-0.026733052470317986,-0.023963586059172703,-0.017766611332944438
2023-08-21,-0.006704343651119604,-0.009982083439979528,-0.0011018416496143546,-0.003657644476956934,0.004978760334353405
2023-08-22,-0.0017470910933296002,0.0011633919338158716,0.003072801764891331,-0.0003212187958884227,-0.0018180165439505291
2023-08-23,-0.00816736089234249,-0.013815364751452619,-0.01523839447019082,-0.019967867798944217,-0.021172935069665777
2023-08-24,0.024880303974966766,0.014728986645718756,0.022652947276062818,0.04131147540983604,0.03777271247150771
2023-08-25,0.0049815201671219445,-0.004580349654860871,0.00109195850557664,-0.007646635480388575,0.004168721143932963
2023-08-28,0.0057049202795924625,-0.026312378483473786,0.0018698870276587787,0.0041247393708638835,0.018525131684670848
2023-08-29,0.009289595766306613,0.012712992545260926,0.005988023952095967,0.025098180833295736,0.03414121050094243
2023-08-30,0.0026273298564813974,-0.010384488991127205,-0.02141311069882501,-0.0025980888634462573,-0.00334802508899823
2023-08-31,-0.005050108296766775,-0.012685129839941522,0.0048977012402242615,-0.004238410596026476,0.00021261215291068503
2023-09-01,0.002284083603099507,0.025763487151890363,0.02515525509000871,0.024385918240666937,0.03039707507864975
2023-09-04,0.008412156269166582,0.053708439897698135,0.030289088260102792,0.014629501385041488,0.0561950736477288
2023-09-05,-0.004073342484404274,-0.013754045307443397,-0.013545698124441952,-0.01322412763416092,-0.01761787569826956
2023-09-06,0.0012886309136954655,-0.0001893102795481605,0.0024898143956542107,4.323015735785418e-05,-0.006759980912995012
2023-09-07,-0.012869724811710337,-0.016346882100479743,-0.017009106645593408,-0.019539186443608747,-0.011490111297942196
2023-09-08,-0.011053544503270674,-0.007571382739813948,-0.006814179618712335,-0.0011904237026586495,0.007249605119274305
2023-09-11,0.0021035858400586527,0.015710868300252256,0.013259327782916941,0.009225743798004782,0.005709690390028221
2023-09-12,-0.0012640778809249742,-0.008720560152769008,-0.00327145465611689,-0.010059922144950328,-0.009995202302894635
2023-09-13,-2.8635244258556902e-05,0.0043023181146857326,-0.0013739409205402175,-0.003799761410330116,0.005451902108068785
2023-09-14,-0.0006987199679275857,-0.01054987212276215,-0.007414201635710493,4.4351798465402936e-05,-0.0024099289070972363
2023-09-15,-0.02103356774012355,-0.014798061389337591,-0.011396888957338813,-0.025013304949441095,-0.010669565567500094
2023-09-18,0.027638411596306867,0.02026761117670217,0.007477800280417668,0.0033205967976710493,8.139345596624992e-05
2023-09-19,-0.0012874998575774788,-0.01215043394406956,-0.008350085047162614,0.0002720224871923804,-0.01045820786196805
2023-09-20,-0.0016770483948249648,-0.00696342574515163,-0.004989864338063255,-0.0010877940443276835,-0.008060204794999248
2023-09-21,-0.014633115065080582,-0.014286650501343479,-0.021391631405735856,-0.029357048867916014,-0.02711330376020904
2023-09-22,0.029347126463442397,0.015025596702346933,0.015373528705260542,0.029543754674644873,0.020496867942216834
2023-09-25,-0.009362641819800177,-0.0066810768323835035,-0.010724706253450011,-0.007718852161278655,-0.006639385334892278
2023-09-26,-0.009314650956486092,-0.014836795252225476,-0.008609007572738081,-0.01308684908941149,-0.00613729034427668
2023-09-27,-0.0011480133628755107,-0.00040160642570286065,-0.007075661333118988,-0.0015300445103858529,-0.006555851626274256
2023-09-28,-0.008878595975036485,-0.0032811035221642637,-0.008745647420843827,-0.025354074762015344,-0.009409059945504117
2023-10-09,-0.012494999101287707,-0.012294255962378098,-0.008250959888897902,-0.008099480680356375,0.015214681738084046
2023-10-10,-0.0041100555444649745,-0.005849544279689978,-0.017298187808896248,-0.01758009510543257,-0.0090597349815843
2023-10-11,0.005011378777695308,0.001984126984126977,-0.0017602682313494489,-0.005671539627438493,-0.0042722262571025515
2023-10-12,0.0043997559602027,0.013861386138613874,0.0020152825594088597,-0.0007375719132616254,-0.02106663234221473
2023-10-13,-0.020442253554031842,-0.014143318965517238,-0.03729154445654914,-0.02376734573368766,-0.020774894810659195
2023-10-16,-0.012580941364465748,-0.02384205492553637,-0.024721448467966534,-0.00861938605776491,-0.015576045116820314
2023-10-17,-0.002355015579333708,0.001889565399957993,0.0008032845412351275,0.0020337604230222794,0.0119578066745476
2023-10-18,0.0012105511639448618,-0.00817267393126564,-0.0010701863907962572,0.001877410188755757,0.012265804016713844
2023-10-19,-0.0592452875814623,-0.0351433199521094,-0.026515489688420657,-0.032413269182071325,-0.03608521970705736
2023-10-20,0.009639235544359748,-0.004014598540146075,-0.009262655906089545,-0.004239727819942418,-0.0027167656674493834
2023-10-23,-0.000649210127678157,0.00036643459142560175,0.0010182356752754806,0.003101345668629074,0.010111737002493237
2023-10-24,-0.0006560008152243224,0.00219780219780219,0.012206399112261845,0.006340722108683083,0.020478127714037564
2023-10-25,0.022019132108419548,0.0386695906432748,0.02055545404714043,0.03775255155176005,0.04197088465845478
2023-10-26,-0.003286273727270639,0.012034625941304888,0.010204995076537493,5.017813237007118e-05,0.014745077809302787
2023-10-27,0.0028028554089478686,0.01349095966620295,0.018608772707133348,0.014550928248870942,-0.0015674645202288229
2023-10-30,0.0026764825155194405,0.024770138602991487,0.006611570247933907,0.010880316518298905,0.01387474541751521
2023-10-31,0.002227559515661337,-0.00401740877134249,-0.005185377236193833,0.016878669275929514,0.005942665829671512
2023-11-01,0.059855220025827105,0.026890756302520913,-0.0017374685083832997,0.03521770507577582,0.015850563714273846
2023-11-02,-0.000872809920744233,-0.013747954173486066,-0.0173179009659733,-0.016219733234186795,-0.017528053075600014
2023-11-03,0.01860885063671125,0.011749087288416726,0.01062699256110533,0.013416477702191898,0.011879949979157978
2023-11-06,0.00043744028364556264,0.0011153391943314883,0.00516999649491745,-0.003169867611411581,0.007868177136972188
2023-11-07,-0.011984074930673105,-0.0034733599842715623,-0.004533170604132164,-0.003974934530490026,-0.0125071527834546
2023-11-08,0.004175134367120803,-0.004471918979350287,-0.004553813819073493,-0.013380909901873461,0.00028973509933782893
2023-11-09,-0.002452913341992935,-0.0005284713964855969,0.005630333421307254,-0.005567716760255026,-0.0002068936980178515
2023-11-10,-0.010620549338758889,-0.010905485789821534,-0.017933689091068072,-0.017514475762071102,-0.017175730485886942
2023-11-13,-0.0069566034853523195,-0.013498162378884127,-0.002137894174238486,-0.013930154400662476,-0.015580915484061042
2023-11-14,0.0007514170423752464,0.006909164803901691,-0.0031244420639171544,0.0018276117559892224,0.001197758480557809
2023-11-15,0.004528765940842172,0.00908173562058523,0.0009850452225306228,0.011438714130756367,0.006964323862422628
2023-11-16,-0.007580617631998576,-0.005866666666666687,-0.013150831991411649,-0.006142146826557449,-0.01913611676849969
2023-11-17,-0.003931941240311043,-0.009187231759656633,-0.008430785966820786,-0.011477339611536186,-0.00873815806549283
2023-11-20,0.005406177808473744,-0.004060913705583702,0.007588224538306765,0.002828222685323123,0.0020074187213616757
2023-11-21,0.016285294675004724,0.006116207951070374,0.021867344161146995,0.02078076295086828,0.03532076129088457
2023-11-22,-0.004947148834011261,-0.012090509962850549,-0.006126798082045748,-0.011245213513644492,-0.00698300521622075
2023-11-23,0.002629344420695068,-0.0030083413099958323,-0.0017868310551237832,-0.00514731114270317,-0.010802338388545385
2023-11-24,-0.005256579485322432,0.0010972431765190471,-0.003759062024523474,0.003252192766334927,0.0007280202132671221
2023-11-27,-0.008220111088929838,-0.027264008768324355,-0.016171053813673453,-0.01895874263261288,-0.014164669633687121
2023-11-28,0.003575784126833792,-0.0035211267605633756,-9.131586156518878e-05,-0.0010013016921999185,-0.013934106003385849
2023-11-29,0.003344777545747357,-0.0031802120141342094,-0.00785388127853881,-0.004760950185426438,0.013162528614192759
2023-11-30,0.009871534820824923,0.00602623183268336,0.009204712812960203,0.010826325595447939,0.008168585704974918
2023-12-01,-0.018176102093570234,-0.013671599718111382,-0.006658153958409407,-0.027398625087177497,-0.012972460457699397
2023-12-04,-0.005674742946596978,-0.009717062017719491,-0.010008263703975784,-0.018285187461585806,-0.029910051523884484
2023-12-05,-0.024874019739392184,-0.022943722943723044,-0.030235577814876513,-0.030364689309751114,-0.03051717153531075
2023-12-06,-0.0036694105703487523,0.010559740067936918,0.010998469778117803,-0.006133979015334856,0.0023213705371651905
2023-12-07,-0.001841462366647395,-0.011545487760321382,0.0017973701636553319,-0.013372313356071697,0.009541896336097144
2023-12-08,0.0030255697541416993,0.003030975086863341,-0.011237016052880189,0.005487269534679484,0.030832759807295274
2023-12-11,-0.004242639755741573,-0.02749115566037752,0.00286505586858965,-0.0461143855053483,-0.026260737971246617
2023-12-12,0.0073823685150296026,0.0007578628268285481,0.012951147509761007,0.01664854968819718,0.02226082186771494
2023-12-13,-0.030553806849089038,-0.04180234759560775,-0.038168656576102356,-0.057175014068654995,-0.03787336791271689
2023-12-14,-0.015194119056325506,-0.008930688374298557,-0.02189424298700038,-0.02853050017906178,-0.026955430589766127
2023-12-15,0.005825715090522765,0.00837320574162681,0.00289797142000614,0.015544359793561169,0.00620910350097903
2023-12-18,0.010820168794633211,0.0023724792408066353,0.0026903148664805254,0.004295480670337026,0.0036550054587745073
2023-12-19,0.008185676325764835,-0.005285996055226838,-0.0030805922687071607,-0.004216867469879482,0.0020336738554673772
2023-12-20,-0.003816031077857107,-0.009517766497461944,-0.00408692185007975,-0.016575922565033374,-0.013687638646339817
2023-12-21,0.012670608076337242,0.015775144138372887,0.009308377539785972,0.008858267716535417,0.02837727903526832
2023-12-22,0.00040241697828191647,-0.005360662199448085,-0.010015866719555788,-0.0017073170731707332,0.0024662633783154586
2023-12-25,0.0008354529083043349,0.008956170246492867,0.005709706501051848,0.015941851942340657,0.020424267743582636
2023-12-26,-0.0012366748287205853,-0.001806755695208162,-0.013545816733067761,-0.011723681837311428,-0.007687758722649485
2023-12-27,-0.001820162947921089,-0.003856142283780506,-0.007774636510500921,-0.005292614673317986,0.0024296323461996394
2023-12-28,0.03593003783415005,0.04953389161004895,0.0521013534140633,0.056387988502232256,0.03571591896464987
2023-12-29,0.0006047071361430234,0.0015807301467820611,-0.004642615339974898,-0.0004052567591037448,-0.01139173436948071
2024-01-02,-0.02452669873866109,-0.03239140237486848,-0.03556505684578759,-0.037935827638132635,-0.03992853952657438
2024-01-03,0.0055144916423861545,-0.008699029126213675,-0.0035264483627203136,-0.013665643248449877,-0.003349460364719059
2024-01-04,-0.015250969961689509,-0.02005798009872284,-0.03538928210313452,-0.0341796875,-0.01666355489171034
2024-01-05,-0.0034939042521558994,-0.008635164307987497,-0.007232704402515888,-0.012007077856420634,-0.010822613566241035
2024-01-08,-0.012041526793484914,-0.02532462295346405,-0.0177383592017738,-0.01880516822310352,-0.008205768031095406
2024-01-09,-0.001881414269803594,-0.002399669011170835,0.003547242824895269,-0.0023468057366363704,-0.012095993806851224
2024-01-10,0.0003152108129917952,0.008211678832116709,-0.0010711225364180565,0.00463930998431783,0.010236066216083861
2024-01-11,0.0031952304725411107,0.006746194981489095,0.0008578168561013122,0.008130081300812941,-0.0010665632423522142
2024-01-12,-0.0022050370333143166,-0.007109585682765429,-0.023248339404328244,-0.014709677419354805,-0.006842999272021477
2024-01-15,-0.0019265881760371917,-0.0005761316872426869,-0.015026872874849273,-0.008053954950235642,-0.03704065676309609
2024-01-16,-0.0003595670056268929,-0.002223503252902992,0.005233853006681555,0.002970493101854821,0.003146249873135165
2024-01-17,-0.039396214984823374,-0.026989105315285533,-0.03245818101251796,-0.03224957219955249,-0.04107648725212465
2024-01-18,0.02225010510826153,0.023411654932564252,0.03286008701625809,0.01924646354733417,0.04193922768516556
2024-01-19,0.015506615856205608,0.008205553253211706,-0.006429442412149378,0.007806765863748399,0.005771859652675904
2024-01-22,0.0044297068799676875,-0.015537652088128961,-0.020417271003012383,-0.02376853813559321,-0.016360432922225
2024-01-23,-0.014490562233814619,0.003173277661795426,-0.004783599088838297,-0.004272634791454677,-0.00496417604913002
2024-01-24,0.004475016621490413,0.005577291267793161,0.0053788052185854696,-0.01253235254052587,-0.002777349174510224
2024-01-25,0.007637280109976885,0.025331125827814605,0.015480933409220299,0.02800386260173826,0.01841250193408639
2024-01-26,-0.00042949900204647395,-0.000888099467140302,-0.015357022755296379,-0.004159957058507802,0.01569938215334754
2024-01-29,0.00801233444545546,0.006303030303030255,0.010245901639344135,0.011251852850020283,0.004038691663342586
2024-01-30,-0.023194002156415316,-0.03268288765759264,-0.035271579896326344,-0.045639283096808536,-0.03520881958583699
2024-01-31,-0.00519175480028744,-0.01170513033372067,-0.015068333138652079,-0.02234012845573874,-0.005147210212065101
2024-02-01,0.0033029061703704343,0.0016799664006719173,-0.0013045540796964294,0.0009283061982290342,0.0199710264900661
2024-02-02,-0.009020941701440854,-0.022473794549266346,-0.0053437833986460515,-0.019405008204323337,0.02805113117581426
2024-02-05,0.02206664763437227,0.0235909753796002,0.01695319961795616,0.0037831938886869754,0.025410766270291596
2024-02-06,0.02919536581494997,0.05380489440160918,0.05106832589809818,0.06320214539392621,0.024781060533153765
2024-02-07,0.021582245688485324,0.006998568474630318,0.01764771584943592,0.0160201786079488,0.030661595529886787
2024-02-08,-0.00301286657046429,-0.002211341020375901,0.004390297442651736,-0.014358561460010688,-0.005148063781321155
2024-02-19,-0.006401249969719691,0.020262782966598003,-0.00546388372855422,0.010142954390741865,-0.0017401657736868525
2024-02-20,-0.015499765339769711,-0.01373157486423593,-0.00780134051203174,-0.011995417480962112,-0.007569154548373813
2024-02-21,0.029506451053713523,0.052230000786596564,0.04861572535991132,0.0660937180274197,0.04945918461680687
2024-02-22,0.0004329785314809431,0.0005980414143678114,0.006547681909388592,0.014971209213051617,0.004536645525017535
2024-02-23,-0.0025787138889890038,0.004557340306313051,-0.005350960025181095,0.022692889561271024,-0.006313851010654625
2024-02-26,-0.011516696497984036,-0.01450245426149055,-0.015717299578059007,0.0020956607495068447,-0.023077262498345297
2024-02-27,-0.003341015229664346,0.0,0.0008573571964418658,0.0035674744741049924,-0.009756097560975618
2024-02-28,-0.004863158667433365,-0.0017357180590142907,-0.010600706713780883,-0.003799950968374599,0.003284072249589487
2024-02-29,0.008267815759870789,0.020562443302086564,0.017424242424242342,0.039682539682539764,0.028505182760501846
2024-03-01,-0.006060088767497418,0.0025185185185185865,0.0012764599510688424,0.00041422569382798535,0.01741590416832417
2024-03-04,-0.005373244188186188,-0.016698684793852503,-0.018060129607988862,-0.030876611853779767,-0.0017378459399572943
2024-03-05,0.011593916893817058,0.009467989179440917,0.013199177756139768,0.0115966796875,0.02332767550158854
2024-03-06,-0.008870112293792753,-0.018832812267381316,-0.013134009610251018,-0.022746470375286654,-0.016841747118615302
2024-03-07,0.0018944636146118743,-0.006145209012973218,-0.00119021856740964,-0.0090757547694017,-0.0009516805813902796
2024-03-08,-0.007489854930104789,0.0012977099236639589,-0.003466580002166708,-0.008909657320872344,-0.003377354405715516
2024-03-11,0.014263888115694678,0.020888922771975293,0.0263072073051418,0.0444458414534481,0.02220098188295605
2024-03-12,0.03080385185365886,0.053394070644462666,0.0513716767291601,0.0786685927530999,0.0566558993539612
2024-03-13,-0.010383140855736439,-0.0038990500496243197,-0.011787225468466667,-0.0022878187601138578,-0.0029765496158642435
2024-03-14,-0.006468622398651425,0.012810476122695924,-0.0008155775308390512,0.00816554809843395,-0.013394117884374834
2024-03-15,0.0005174893343042886,0.020588855315859744,-0.017957351290684653,0.0032175746144458284,0.002044571662236816
2024-03-18,-0.005551111725896618,0.006954007160561826,-0.003012987012987023,-0.007741650077416562,-0.007059783717608736
2024-03-19,-0.00014514665860299036,0.026461538461538536,0.013547311379741744,0.02530093624609897,0.0013562386980108254
2024-03-20,0.0009556875506573359,-0.0027977617905676766,-0.009150730002056351,-0.008370475051636017,-0.006895136466242624
2024-03-21,-0.0003625728167072628,-0.0022712090848361344,-0.0057071702812079295,0.006029379522034528,0.003843451667562059
2024-03-22,-0.004624480123803121,-0.021290840921264098,-0.01774159883114157,-0.03901056990301843,-0.011856731165088452
2024-03-25,-0.00749427604928965,-0.011697906690381732,-0.019868253293667704,0.00034017462297319945,-0.001374885426214556
2024-03-26,0.012409362092703047,0.024226483006852595,0.012791327913279193,0.023294037633189824,0.015269723392715484
2024-03-27,-0.005010486361685773,-0.01730080421707103,-0.0164829283955904,-0.015840487399612413,-0.016108485720156107
2024-03-28,0.000388764700165245,0.0030259266900487525,-0.0030471215583850464,0.0034329450166019626,-0.0048448398279246074
2024-03-29,0.0007650830661614094,0.0028111073020224975,-0.01037004693810717,-0.0026360067302299006,-8.393838922238217e-05
2024-04-01,0.011182302474304295,0.025776015315192247,0.03595852636223262,0.038013833436427946,0.03131164742917103
2024-04-02,-0.004404255446815886,-0.011864293807905102,-0.00862436115843268,-0.0020586163930873536,0.007162915632249467
2024-04-03,0.0006750119031115887,-0.006070826306914023,-0.0012887981956826167,0.008685739102111789,-0.0025053541843456095
2024-04-08,-0.029180594452976716,-0.04960977265015276,-0.03570276373803627,-0.06603519724449713,-0.028600364593882932
2024-04-09,-0.002754513307277162,-0.005784061696658127,0.01271328203412514,-0.012158580154431164,-0.004462237791400758
2024-04-10,-0.008858696328368998,-0.02413273001508287,-0.024997246999229117,-0.014524878959342069,-0.003309316353887315
2024-04-11,1.2553194160158654e-05,-0.005740781629498759,-0.007341314660040732,0.015034923641529474,-0.0044130626654899086
2024-04-12,-0.00876829605081475,-0.0136945739877119,-0.016270337922403066,-0.043037088873338014,-0.015239783856805023
2024-04-15,0.02466329380030019,0.05126088261783246,0.03180661577608146,0.06142595978062171,0.05011360226347161
2024-04-16,-0.0018415295818863253,-0.016777325622902794,-0.010649030377760216,-0.02663910896773458,-0.016247550620509532
2024-04-17,-0.0018573091305317257,0.0023961661341853624,0.008497620666213512,0.0035389878494749283,-0.01900572661631661
2024-04-18,0.002344564084751699,-0.0023180007243753797,0.0076395910571844805,0.007581991301281343,-0.0035109983079526508
2024-04-19,-0.014937933936461145,-0.015102011181296615,-0.013713903445200182,-0.014641544653794636,-0.014942479942267606
2024-04-22,0.017853104505364703,0.012237375598967981,0.02193081618810777,0.014977504143973475,0.020771385477267756
2024-04-23,0.010627661544158507,0.017988493190590704,0.01570796460176971,0.0162729658792653,0.019842107485118277
2024-04-24,0.0008060970247691923,0.013950493632851613,-0.004356349379220137,0.006255739210284661,0.0028563149397689003
2024-04-25,-0.000341705108491297,0.0,-0.0001093852548676999,-0.01209148462898535,-0.014488566003467263
2024-04-26,0.010004394853138754,0.023072038382840665,0.018488130401487668,0.03723803475549903,0.028104712041884916
2024-04-29,-0.003281621108740751,-0.0034482758620689724,-0.04543501611170775,0.014360458644105512,0.023466145196773258
2024-04-30,0.0006063398898887851,-0.009134948096885753,-0.008889388995161562,-0.015913081650570704,0.01695724862670156
2024-05-06,0.0334496800465387,0.03198770778041604,0.03826067211625794,0.041541206646593,0.026186002818224585
2024-05-07,0.0057463176658223425,0.0062939902544667525,0.00032804811372333376,0.0003747523957386978,0.004272037227752934
2024-05-08,-0.0035155430143886113,-0.006321877732194503,-0.027656318320944506,-0.014181740340361793,-0.005393292567131391
2024-05-09,-0.0046629729524165775,-0.0010829103214889946,0.010792580101180338,-0.002225720644916107,0.0012601672585632606
2024-05-10,-0.010004467329712385,-0.002777965986855424,-0.0037815593371148815,-0.019695321001088173,0.004919908466819223
2024-05-13,-0.01958176485257268,-0.02262535670607424,-0.014625432622529688,-0.03418803418803418,-0.023530304755398634
2024-05-14,-0.0024345340471403354,0.0016684045881125709,0.00362565148425098,0.006608435811975566,-0.003692331610245403
2024-05-15,-0.0012020252303881485,0.0002082032063293049,0.0025965229171371895,-0.006336701489981111,-0.010610907388624358
2024-05-16,0.0027351632588559216,0.018595614765473334,0.002251998648800768,0.02619786280592895,0.005322924059616652
2024-05-17,0.006364639276492001,0.016076294277929115,0.019098977642961312,0.025025193147463876,0.007726399184217803
2024-05-20,-0.0036139353346503755,0.005966747117189586,-0.0013228971447468707,0.01578458681522732,0.003113567369813941
2024-05-21,-0.0024180288229035396,-0.0050649783405533055,-0.008058284578871922,-0.005753306807183556,-0.012570807790797
2024-05-22,-0.004417539267015713,-0.00951168865965557,-0.004451368795904798,-0.02520144935373969,-0.007504911591355579
2024-05-23,-0.0034693691226148626,-0.010279299384594598,-0.0067069081153587895,-0.018640776699029193,-0.007799200285046881
2024-05-24,-0.009118949457932568,-0.01674069012640922,-0.003713706954760254,-0.013285092430323941,-0.021187455111323916
2024-05-27,-0.004290152374377465,0.0029881862404448345,-0.004744154523890209,-0.003323020511057595,-0.0039949451714157425
2024-05-28,-0.0033924326465926136,-0.010739278043372935,-0.010668482578594873,-0.0021269257300529087,-0.013056112634551753
2024-05-29,0.00581409794518839,-0.005743101274688245,-0.0014913387633359587,-0.007719338671582476,-0.010740648585883639
2024-05-30,-0.015439341913490279,-0.020780501549732433,-0.007008272058823484,-0.0285050798258345,-0.007880947390484283
2024-05-31,-0.0003449919710959426,0.003165239910797757,-0.0010413051023950848,0.004481893151667249,-0.009126632019267333
2024-06-03,-0.005684919902866903,-0.005163140910720676,-0.004285383368079709,-0.0036885002082218676,0.007505010447315774
2024-06-04,0.00871496816291506,0.01297484322064446,0.0074444573688496885,0.00770287215620713,0.0034282812037076393
2024-06-05,-0.005755611721428466,-0.014374154984700849,-0.0053111649924950655,-0.02097653472386818,0.00021089927450645973
2024-06-06,-0.0026364803302207918,-0.006208937982816964,-0.011259431224608263,-0.01815760803776778,-0.008982414709231223
2024-06-07,-0.013015362291410315,-0.01859789320741012,-0.011152852782343348,-0.01726051041795096,-0.018723404255319154
2024-06-11,-0.03207578527505406,-0.028573543563550352,-0.011278641814080559,-0.04246644084807416,-0.02437120555073724
2024-06-12,0.0017698647506341203,-0.004419721100358043,0.0010806916426513435,-0.007271536193907746,-0.000311138767890462
2024-06-13,-0.01098937320359683,-0.025564485265977877,0.0008396305625524292,-0.01590339184373757,-0.014850384598283806
2024-06-14,-6.665555740692497e-06,0.008797423611656585,0.007670182166826578,0.0007376114799169109,0.028929909283747834
2024-06-17,-0.008998560230363162,0.0003893171377402638,-0.013796384395813432,0.00830876440632533,-0.006667251513290506
2024-06-18,-0.013452251234244095,-0.014321295143212898,-0.008924264351181765,-0.020334928229665095,-0.023933586505343163
2024-06-19,0.007076918881328664,0.0026058117498419797,-0.0105865174008275,-0.005765839099172387,-0.0126221498371335
2024-06-20,-0.0006092937608317417,-0.015909269906277057,-0.026564998155208408,-0.012076141092992931,-0.003940435280641474
2024-06-21,-0.01971250897562704,-0.01600640256102437,-0.011244472520530624,-0.010151933701657456,-0.03321219927319563
2024-06-24,0.00383520371496493,0.006750711671411169,0.015077945310503438,-0.004116374799413958,0.010182233430080512
2024-06-25,0.0069527146564600795,0.0038778477944740875,0.00566465256797577,0.006235112792489783,-0.0017427346804201882
2024-06-26,0.001756940599000556,-0.0016900048285852787,0.0022530980097632547,-0.00744969713848076,-0.003397187883363184
2024-06-27,0.0008666930541716411,-0.013301088270858408,-0.0014986886474334105,-0.007996632996633113,-0.009658176309061628
2024-06-28,-0.01575060854623922,-0.013153594771241783,-0.019262038774233936,-0.03316362607834822,-0.024524333110239938
2024-07-01,-0.01871133556400717,0.0021524960675551874,-0.0022956255579644758,-0.003583705112264912,-0.018720901739769813
2024-07-02,0.035524179315213456,0.026931020239570502,-0.007669691934040768,0.007266588373458394,0.007890925435748875
2024-07-03,0.006340246246983261,-0.004504866865095325,-0.005796728069045298,-0.010056110179989752,-0.02591546504137554
2024-07-04,-0.00966046120911579,-0.003313131313131268,-0.008940139932625213,-0.022819285977180637,-0.010479194221182264
2024-07-05,-0.022396125483972518,-0.013296578563320893,-0.0053601778010197165,-0.01612052730696789,-0.017890191239975373
2024-07-08,-0.023091133004926157,-0.024979457682826722,-0.02103049421661407,-0.023428527677819555,-0.018320770519262952
2024-07-09,0.012914362662235446,0.009775830102814798,0.010606874328678684,0.0128577028616228,-0.0010664391596458822
2024-07-10,-0.0003111409680727206,-0.00442330161909521,0.0010628404410788495,-0.018964316123538993,0.007900074730436524
2024-07-11,0.017330286975405063,0.033028753457959636,0.0289316522893166,0.026432065646204927,0.010115453871411884
2024-07-12,0.011632515418471545,0.012902702264059096,0.0037404875532052184,0.00023060957798448634,0.021129345147590906
2024-07-15,-0.0026942691794851203,0.0008011536612722026,-0.0007710100231301809,0.010913003381493924,-0.0067775723967959944
2024-07-16,0.0007580874143704452,-0.00016010246557796037,0.004758230452674761,-0.005549642694237411,-0.014061207609594728
2024-07-17,0.017491667355315155,0.026261008807045627,0.030462050428772702,0.030196468159926493,0.03261325503355694
2024-07-18,-0.002632790080675629,0.0026525198938991412,-0.0031052043224444326,0.01024042742653597,0.004569919772519526
2024-07-19,0.01907534455731752,0.018051665110488502,0.012085721405432404,0.029969149405024265,0.018752527294783716
2024-07-22,-0.017726104385579422,-0.016814429837970213,-0.009971685337929359,-0.033376123234916566,-0.03478045150086839
2024-07-23,-0.029828081783176974,-0.03435945273631835,-0.03618502859985073,-0.05061236535340108,-0.06019327644700312
2024-07-24,-0.01046732628989866,-0.005957172758009888,0.003096374661333945,-0.011345974510413526,-0.023464420499918037
2024-07-25,-0.006729560636660303,-0.0022675736961451642,0.010289389067523969,-0.01902216632604936,0.0026324633135432762
2024-07-26,-0.005900711640042355,0.003409090909090917,-0.0002546148949712501,-0.013862179487179493,0.004915926484553967
2024-07-29,-0.017285151361286055,-0.016987542468856254,-0.01719088246529976,-0.029251645405053983,-0.020568124965256507
2024-07-30,-0.013120933820426006,-0.006665569453587872,0.0005182689816014552,-0.007533271951117526,0.011975708042454292
2024-07-31,0.03044738258695845,0.029575014497556174,0.029137529137529095,0.04495234882347998,0.02002243409983162
2024-08-01,-0.025132388721912258,-0.023012552301255207,-0.017994211652195724,-0.047376916868442365,-0.033540440974322294
2024-08-02,-0.0005211850720850952,-0.0024707626420688023,-0.0015376729882112805,-0.012200288062356957,-0.006997781191329655
2024-08-05,0.018038000249711805,0.018989431968295944,-0.0005133470225873182,0.029590874002916268,0.03678239944998296
2024-08-06,-0.0038308095200306758,-0.0008102414519527423,0.006163328197226647,0.0007497500833055781,0.008731211317418053
2024-08-07,0.007821439434538835,0.008919883230619652,-0.0047217968351199735,0.003079996670273921,0.03286950805302946
2024-08-08,0.010915336083126226,0.010850345603600653,0.004872419540966844,0.01917012448132782,0.02068526572610585
2024-08-09,0.004343159346322567,-0.0021467758606981135,-0.003572795712645127,-0.0034199169448742017,-0.0072749948035751855
2024-08-12,-0.0004954279081618163,-0.0029482071713148317,-0.006787040594186222,-0.0007353541956042209,-0.01156825795644878
2024-08-13,-0.009269094050502025,-0.016862463038439968,-0.009283135636926287,-0.016026165167620565,-0.012762802520785987
2024-08-14,-0.006940027016789085,-0.010323524630141412,-0.008328995314940135,-0.015788598969586176,-0.01786289024782739
2024-08-15,0.009781059722761887,0.005092402464065726,0.005511811023622082,0.011313745356298588,-0.0013108307389808616
2024-08-16,0.0030719667001659623,0.0004903162539837691,-0.008483424693291663,-0.010769744531641368,-0.008258135083401674
2024-08-19,-0.004092885768695154,-0.008658008658008698,-0.00171120179018025,-0.003966579458182129,0.0012683357229512637
2024-08-20,-0.0019406946545278414,-0.00659141468237634,-0.010284810126582333,-0.007880020335536253,-0.010243983036845261
2024-08-21,-0.003674473134883116,-0.007879240275358579,-0.002264854782840442,-0.006063711674780148,-0.007567748038506572
2024-08-22,-0.005402884408409303,-0.010115365323524528,-0.011082921618373542,-0.005499226671249358,-0.011998878609475683
2024-08-23,0.003563776448775924,0.0010134279199391916,0.009181744531460811,0.009590461378952808,-0.005050791669031329
2024-08-26,-0.0021493627391075965,-0.025225681262127653,0.0022745517795021986,0.002738553701326474,-0.011806981519507098
2024-08-27,-0.005712762585367126,-0.003635104725636107,0.0030703510879723783,0.0018776137236493629,0.00017316017316026944
2024-08-28,-0.010918786543881787,-0.03214037526059765,-0.018365717327655018,-0.04949314251639836,-0.058518005540166285
2024-08-29,0.017800632911392444,0.042900735954047864,0.015591106290672396,0.020971500268865517,0.006129704548240689
2024-08-30,0.02151257359185843,0.036574870912220225,0.061940995861700765,0.0351123595505618,0.06232484464481547
2024-09-02,-0.03395311806441159,-0.0334578663345787,-0.048774355751099896,-0.0574966078697422,-0.053851006480472696
2024-09-03,0.01093996149133547,0.01133825803126598,-0.0031716664464119804,0.01556595285225848,0.013395563098557384
2024-09-04,-0.007214382593137669,-0.010276881263801552,-0.006761235582659508,-0.013644015238770346,-0.012321311083198783
2024-09-05,0.003546202366072837,0.0037758517120054513,-0.0082754938601175,0.006377436450193175,0.003694059226064361
2024-09-06,-0.004981897175959538,-0.01726938531247324,-0.01399730820995948,-0.02499107461620864,-0.025401230843489886
2024-09-09,-0.016737985037696856,-0.011396259243149243,-0.02211302211302213,-0.024716221164408525,-0.025258465919643536
2024-09-10,0.0022203801290781033,0.0018479408658922392,0.0032104969290900343,-0.00666416369438716,-0.0016513178786915494
2024-09-11,0.001476973975718554,-0.0036890645586297177,-0.0025045220537082136,-0.011905886799584264,0.001590431961320693
2024-09-12,-0.033138660295548905,-0.023362426165917327,-0.014227925791602702,-0.03184469733193074,-0.036521849593495914
2024-09-13,-0.023589438521026906,-0.03755190467593428,-0.0012735248337343297,-0.017581983405768442,-0.026039949897817882
2024-09-18,-0.029080257762155837,-0.01416244607015571,-0.010626239727968279,-0.00804343454655132,-0.016312440774333248
2024-09-19,-0.004746504481022096,0.030539434877747018,0.016182156666189274,0.015001013581998901,0.03681277093511315
2024-09-20,0.002360320744956068,-0.0057237813884785105,0.0063416009019166,-0.0012981825444376982,0.0072338731085745955
2024-09-23,-0.0019192929260345437,0.018662952646239406,0.004201092283993901,0.009799020097990052,0.001647229360216107
2024-09-24,0.08973385259279598,0.07355756084222054,0.041277367173337076,0.08188929596989802,0.06953032495724232
2024-09-25,0.019574114716175206,0.014773306164034494,0.013124414088656833,0.016932088596009365,-0.0036902638538655053
2024-09-26,0.09453720402583055,0.10215863453815266,0.09636483807005947,0.10125101251012514,0.10154947836286188
2024-09-27,0.06657276496226228,0.10195096029757833,0.07065348444658781,0.10109512912716556,0.10137861466039011
2024-09-30,0.07400393690977491,0.10174979333149636,0.0907657657657659,0.10101684851183856,0.10125680557675665
2024-10-08,-0.014500150801568301,0.009629212780591478,-0.011666322527358997,0.06269381151408915,0.05502933974033164
2024-10-09,-0.0752448326192382,-0.10138106149749182,-0.10101326647863784,-0.10086272519665052,-0.1010773408075677
2024-10-10,0.028543789418750354,0.02963473466574773,0.0024401580292818803,0.029561168336390553,0.007941147812530414
2024-10-11,-0.021662995322129563,-0.015595716198125942,-0.023067114871913708,-0.040498869320907294,-0.04828652907342057
2024-10-14,-0.0018974011928328816,0.0007479431563202077,-0.0011865211200758896,-0.0012855306384802478,0.014169629253428129
2024-10-15,-0.030251376646748374,-0.03913575214023657,-0.02375861249703015,-0.04869851258581237,-0.046772497370924926
2024-10-16,-0.020746616831223808,-0.016617168717295905,-0.009613044536383675,0.004510260843418656,-0.01213553979511428
2024-10-17,-0.018617127757536878,-0.02660530668008909,-0.01621820862513834,-0.028436728279577772,-0.03355669006594342
2024-10-18,0.03154917319408179,0.03730516362561853,0.03209691519920077,0.031194639143495184,0.03763825455345837
2024-10-21,-0.008041552415102182,7.121492664885487e-05,0.0026621490803484527,-0.007693456827009282,0.011189478708172107
2024-10-22,0.00943571751322314,0.01730399487289036,0.01568911416847696,0.0227324049680091,0.014998951122298987
2024-10-23,0.016127758175785933,0.02162956740865174,0.002732889733840338,0.02127033193493766,0.015604009507078631
2024-10-24,-0.009911765849107912,-0.014182939362795466,-0.013745704467353903,-0.03228596137215334,-0.031898656898656896
2024-10-25,0.004351182998324932,0.011467889908256979,0.009371620809804249,0.007298182901400052,0.01182405801671127
2024-10-28,0.004006592962728872,0.040266611695183085,0.010355910010712899,0.044506875646902255,0.04918458502129419
2024-10-29,-0.021659572259136173,-0.020939295858378948,-0.021559849198868997,-0.018686296715741846,-0.005593782486015497
2024-10-30,0.0002520328438588848,-0.013493455673998067,-0.009030704394942801,-0.023009232544720093,-0.031063321385902065
2024-10-31,-0.0027915550486697915,-0.013472849131445752,-0.05151883353584441,-0.009597637504614176,0.019523222359227432
2024-11-01,0.003963003105238894,0.007556325823223631,0.0016653856008197465,0.007603428997390749,0.03960894980850638
2024-11-04,0.00957036036215042,0.004678684464015426,0.027497122394168017,0.00569653029518391,0.005525933107125569
2024-11-05,0.018887110318043465,0.028763183125599223,0.04331590739357716,0.028100632632043432,0.03803509448515241
2024-11-06,-0.0038567776912131757,-0.010318199973372466,0.0209973753280841,-0.00872925014310244,-0.01825105651790282
2024-11-07,0.05050674802213151,0.07392210936974508,0.07057723767235347,0.10098166594485347,0.09243140964995256
2024-11-08,-0.024100759263133376,-0.03613929600400856,-0.022920759659463052,-0.01894709237527048,-0.03160994197627098
2024-11-11,-0.007540555706170404,-0.010721944245889792,-0.02122430741733683,-0.019379844961240122,-0.0004471472008584776
2024-11-12,-0.013220000889380246,-0.0034156594850237587,-0.008217301985847913,-0.009540684203352856,-0.017893889236825666
2024-11-13,0.0008369170550819316,-0.002372791985235878,0.0010356731875718062,-0.005573138846841852,0.004691627949348742
2024-11-14,-0.003023246838455562,-0.0029730443974631537,0.007357167490516181,-0.008856292811181055,-0.00825134877816558
2024-11-15,-0.009548879942190669,-0.014578225432376857,-0.005819924683327482,-0.003560209424083749,-0.020068571428571325
2024-11-18,0.0,-0.01318001479389419,-0.02203856749311295,-0.010018214936247771,-0.018193692853144317
2024-11-19,-0.011126166032622842,-0.0059965928449744466,-0.0038732394366196576,-0.007005873611209412,-0.018293262377648944
2024-11-20,0.0019037706516298325,0.007883732090217421,0.0018852362436667658,0.005629988597491531,0.004501234209379978
2024-11-21,0.00021039758568774936,-0.0006801795674059585,-0.0023521110196401684,-0.005598469279285756,-0.007323889370723591
2024-11-22,-0.024525883319638453,-0.03137762047372705,-0.031356831309678146,-0.03841220068415041,-0.044073390932919176
2024-11-25,-0.006233405663301772,-0.007659335254022959,-0.003042472921991002,0.004372637663973888,-0.008428963135980516
2024-11-26,0.007072672900745092,0.00708114997875664,0.0020751953125,-7.378984651729148e-05,0.01669397787791893
2024-11-27,0.006767129928894722,0.015820559696245295,0.012303569253258484,0.014759058372075806,0.0070514757731439115
2024-11-28,-0.0007022612813259999,-0.021111649477400185,-0.004091456077015554,-0.019853101592611333,-0.008352505751725414
2024-11-29,0.005180306802666568,0.019587045679536175,0.00797486708554862,0.019216500964534866,0.0149291370353557
2024-12-02,-0.0004927223576098871,0.004369235037103847,0.014265164229201543,0.002111086845745014,-0.01103215226357901
2024-12-03,0.0011591345128969532,-0.002831100676702114,-0.006382224323366104,-0.006101990411157998,-0.006582583789759289
2024-12-04,-0.0044847823483225024,-0.008725157537566641,-0.011181158558344229,-0.007893582809530675,-0.0026808295397066084
2024-12-05,-0.00601556024917782,-0.004889975550122383,-0.004089979550102152,-0.005893620156181001,-0.004361718314145113
2024-12-06,0.006731131314218208,0.009898209898210109,0.006764101944679135,0.014154439009930408,0.0063165401660638665
2024-12-09,-0.0014761577150949057,-0.004726817739468925,-0.007798440311937549,-0.002411399342345466,0.0023791445203746875
2024-12-10,0.018589623525004706,0.023327280346417067,0.00737605804111241,0.02790799882801065,0.022926977073022936
2024-12-11,-0.007217395301797436,0.0020475020475019257,0.002400672188212827,-0.0027791634005559507,-0.0006911532385466268
2024-12-12,0.019977244463260435,0.016482768015256832,0.013291821338761833,0.025796770044304695,0.025195138820274687
2024-12-13,-0.03035176922278726,-0.025328330206379035,-0.035688962420231785,-0.04959944270289096,-0.05079028527370866
2024-12-16,0.0054845096045803565,-0.0237178605802284,-0.0031862745098037992,-0.03804148647658134,-0.023098791755508108
2024-12-17,0.02048798658968143,0.0021125272868107725,0.0015982296533070262,-0.004571776897287605,0.0022865457568985725
2024-12-18,0.008799833129090384,0.0021783430538964144,0.004909782742113622,-0.0038273116962644904,-0.0006221807435060622
2024-12-19,-0.013239684160194276,-0.011569204880101047,-0.006107243190423883,-0.011756569847855891,-0.010272373540855972
2024-12-20,-0.0033592425006385707,-0.0024118606795772157,0.015976404080127793,0.0027214058004820796,-0.0038265974733974195
2024-12-23,0.002923784494086812,-0.005404252293251699,-0.019354058304100752,-0.004342431761786614,-0.021574405388339213
2024-12-24,0.008103770185724946,0.007363980839350859,-0.001973603059084672,0.002803738317756821,0.006023448424222977
2024-12-25,-0.005731664522166335,-0.002838892831795614,0.0016067235199606067,-0.004426840633737106,-0.0034213621297980445
2024-12-26,-0.0014444444444444704,-0.004199288256227729,0.0024679170779859927,-0.0020282393322411663,0.0002682115652827832
2024-12-27,0.000772357457504036,0.00021442355800149748,0.005539143279172931,0.0020323614476667196,-0.006113583954523438
2024-12-30,-0.0025965192253608604,-0.009361154780620273,-0.011017260374586724,-0.020984476168187882,-0.010036151729347687
2024-12-31,-0.0006557377049180024,-0.00843973165981382,0.005074885505631732,-0.013227091633466137,-0.009374829672425977
2025-01-02,-0.023622047244094446,-0.02218827295213166,-0.027709359605911366,-0.033510981912144744,-0.03427785419532314
2025-01-03,-0.008736559139784994,-0.011829476973439501,0.0063331222292590805,-0.010944941097836058,0.00011394712853229905
2025-01-06,-0.023728813559321993,-0.03440746875470557,-0.013845185651353176,-0.037506335529650214,-0.021647487752079253
2025-01-07,0.0001388888888889106,0.0001559454191033538,0.002169751116783747,0.006582411795681864,-0.0015139163852335713
2025-01-08,0.001597000416608818,-0.008965463475481439,-0.009551706571574115,-0.0038364286337082554,-0.013820853743876649
2025-01-09,0.0010398613518196598,0.006922592825676421,-0.000128584287000022,0.002800875273522907,0.009106498728638224
2025-01-10,-0.005540166204986097,-0.015468750000000031,-0.022762345679012475,-0.022606266911058603,-0.010079109288016364
2025-01-13,0.005557103064066871,0.004761149023964517,0.003947887879984346,0.02634398999821408,0.012845557331438995
2025-01-14,0.019750966079862486,0.030169009635128585,0.022938786210512596,0.03645697381014523,0.04266510812390423
2025-01-15,-0.0008353140916808055,-0.0019165900030665428,-0.005125576627370676,-0.010661517797179387,-0.0034192825112108194
2025-01-16,-0.01691735711324216,-0.009908595130194264,-0.0025759917568264346,-0.010352142554094224,-0.010967995950278309
2025-01-17,0.0057868609908875435,0.006361520558572531,0.002970041322314154,0.006087627540084073,0.0014786169244767056
2025-01-20,0.013782436844818724,0.015417823003391895,0.004506244367194379,0.004090676666098414,0.02123793299261778
2025-01-21,-0.004509085977759564,-0.006908593987245637,-0.002178928479876996,-0.00746902053980647,-0.013901245551601438
2025-01-22,-0.018492660831658903,-0.023239813469918214,-0.006422607578676964,-0.01547802291773559,-0.019059433855870056
2025-01-23,0.001387925052047212,0.006887375753306779,0.004266321913380944,0.00043429167028596893,0.0037939756265807922
2025-01-24,-0.00485100485100487,-0.0072289156626506035,0.005535530381050258,-0.002691439486021907,-0.004924979956477005
2025-01-27,-0.0007033426183843394,-0.004071406201064831,0.0037127128408656063,0.005919735353007605,-0.01012891344383049
2025-02-05,-0.021735343103436278,-0.017216981132075482,-0.01632653061224487,-0.01505841627001292,-0.013081395348837233
2025-02-06,0.006439663769767678,0.007119430445564401,0.0036307053941908585,0.003866092610491201,0.009896907216494943
2025-02-07,0.016392514368222866,0.013741064336775244,0.006201550387596733,0.010940919037199182,0.014933208889925886
2025-02-10,-0.0031267409470752128,-0.0007835148476063036,-0.0038520801232665436,0.0018181818181817189,0.013793896200930966
2025-02-11,-0.009437586883780047,-0.009958441151101671,-0.005413766434648082,-0.012358482412928806,-0.00788026532116326
2025-02-12,0.017630465444287813,0.011405037224774262,0.0031104199066875893,0.014875743787189366,0.030057142857142782
2025-02-13,0.015287595287595268,0.029835552075176075,0.017958656330749445,0.038541127780651774,0.06751359147897484
2025-02-14,0.006784705063273888,-0.002129115656604119,-0.002538393197106248,-0.0048982980489830075,-0.012004365223717728
2025-02-17,-0.0022915254237289018,0.002438466813990958,0.00012724265173669203,0.005256132154179749,0.0150431306543235
2025-02-18,0.0022967885731370874,-0.010262257696693422,-0.008396946564885432,-0.014192049132708107,-0.023992123536117682
2025-02-19,0.010847457627118695,0.00698924731182804,0.00038491147036179285,0.001852163663916384,0.007539155826917998
2025-02-20,-0.011401743796110031,-0.004652581801540823,-0.0015390534821085877,-0.008403361344537785,0.004637192390788858
2025-02-21,0.00964043419267302,0.004750957854406268,0.012973667308927572,0.009152542372881323,0.013690007867820597
2025-02-24,-0.006141606359317597,0.00594874923733979,0.006086735987826497,0.023261672824991475,0.02923522715512794
2025-02-25,-0.016949840102226332,-0.023881728582259343,-0.01802369548777427,-0.01600328272466134,-0.02418179075964
2025-02-26,0.00413342503438785,0.00815533980582539,0.00616095494801705,0.014011676396997519,0.02648119526017534
2025-02-27,0.017499880137807233,0.022727272727272707,0.0072713356295444065,0.050995229478532744,0.027404135715719535
2025-02-28,0.010252026171948536,-0.00881355932203376,-0.020263424518743633,-0.010330255125997834,-0.0049829018075231435
2025-03-03,-0.009175167744987611,-0.005623955008359993,-0.003231644260599742,-0.01154515261742839,-0.032943833464257666
2025-03-04,-0.011371736762114892,-0.008330785692448828,-0.012060692517183114,-0.012159999999999949,-0.005483068487586951
2025-03-05,-0.0025440273176837724,-0.008786127167629942,0.0034129692832762792,0.0020246193715580674,0.0036755321864312407
2025-03-06,0.027012282029774237,0.023870616592799987,0.008895866038723277,0.019801179988685025,0.02171812217079494
2025-03-07,0.00997357202618887,0.0236938031591738,0.009206431535269566,0.041448724045014984,0.02284946236559149
2025-03-10,0.0012491781722552275,-0.01565281899109805,-0.005781832198381132,0.005402937371585148,0.0026281208935610145
2025-03-11,0.01692822903670632,0.018916271007611618,0.011630912380460101,0.03564940962761143,0.0533469249065579
2025-03-12,-0.003938838236433706,-0.016494082840236568,-0.018395503321410267,-0.0076737557553169244,-0.013364055299539213
2025-03-13,-0.0031181527052080993,-0.004361886139730875,-0.0022123893805310324,-0.003829724554426317,0.00840728631480614
2025-03-14,0.05868237772878904,0.06352443538031594,0.030650841267770845,0.06173295874611884,0.03219082908754056
2025-03-17,0.006050331386170837,-0.006818181818181834,-0.0013920526449000548,-0.0046654132720563846,0.02728292573479929
2025-03-18,-0.008462261731771892,-0.002073798627002188,-0.006969965783804266,0.0030082552119770067,-0.017996767570873207
2025-03-19,0.007210591133004929,-0.00451451092798294,-0.0014037774374681122,-0.0303410755388156,-0.011520839820292728
2025-03-20,-0.01938607699408823,-0.0210912755542757,-0.007923322683706102,-0.027765789095094306,-0.016470164701646972
2025-03-21,-0.018859102244389025,-0.010221339804397545,-0.004379750096611956,-0.033145901154187585,-0.0071376281112738305
2025-03-24,0.005877680698967325,-0.0021545319465081647,-0.0050459309095614024,0.015840220385674897,-0.017511520737327202
2025-03-25,-0.004737839545167377,-0.005584096493187363,0.0016905071521455817,-0.00881355932203376,-0.0033771106941838935
2025-03-26,0.00031735956839096247,-0.0015723270440252124,-0.0001298195508244726,0.0040279677762578014,0.0016942771084338393
2025-03-27,0.008248730964466988,0.004124484439445242,0.0038950921838483143,0.015214593899023576,0.022693102800225518
2025-03-28,-0.002385147891755812,-0.005003734129947812,-0.004785307811691508,-0.013569937369519836,-0.002113290761244002
2025-03-31,-0.015272424473729007,-0.014110935975380934,-0.009096816114359974,-0.019501133786848146,-0.013489250034528832
2025-04-01,-0.0031902626521460586,0.0033498287019413375,0.0019672131147541183,0.00901942645698428,-0.008633563561694979
2025-04-02,-0.004498656829603709,-0.004856210638136349,0.00013089005235600304,-0.009015203606081323,0.0017417502236030113
2025-04-03,0.012821009412402828,0.0064811284788410806,0.00444967936134022,0.0221262817053427,0.025140977443609103
2025-04-07,-0.04390393146703386,-0.03954545454545455,-0.04364820846905526,-0.05294916276964856,-0.0075636030254412345
2025-04-08,0.030000000000000027,0.03139296418993531,0.014441416893732795,0.02739726027397249,0.0
2025-04-09,-0.0025631067961164877,0.011394921994493767,0.015310233682514163,0.020697674418604484,0.028314087759815143
2025-04-10,0.00516534288532422,0.006805293005671231,-0.002777777777777657,0.008582061213640246,-0.002829807303597831
2025-04-11,0.012898644286636562,-0.011641006383777741,-0.017243666268735858,-0.019804216867470026,-0.004549549549549559
2025-04-14,-0.01082869125164121,-0.004255319148936176,-0.006343636118234519,-0.005377583160482313,-0.023937734739128524
2025-04-15,0.003872447631750209,0.0023656898656898573,-0.0023091551208911376,0.005715609793774723,-0.0015762633286972028
2025-04-16,0.000750962772785746,0.007232584697373534,-0.005990469707283785,0.0060671223408339525,0.013280089153046015
2025-04-17,0.0069460033222803474,0.001738473167044452,0.005067798931652989,0.010152671755725207,0.02602877829713135
2025-04-18,-0.0025859872611464496,-0.005885459895872636,-0.0017715998909784147,-0.00400513866848029,-0.017016525234479718
2025-04-21,-0.009540595425112097,-0.01070208728652744,-0.0028668941979521634,-0.016691957511380973,-0.023626698168930926
2025-04-22,-0.0014184397163120588,-0.0018413380389750156,-0.0021905805038336945,-0.003549382716049432,0.014239843640932559
2025-04-23,0.0020661157024792765,-0.000999231360491848,-0.0019209659714599647,-0.0037943317330028092,-0.014636384491855892
2025-04-24,0.00016108247422685906,-0.007001615757482482,-0.0050866098432772455,-0.016323357947920836,-0.004935742223877826
2025-04-25,-0.0014495087775808768,-7.748334108159671e-05,0.0009672516236007844,-0.009403397866455943,-0.01193261581656524
2025-04-28,0.0,0.013948082138705686,-0.010215350635008225,0.0019144862795148487,-0.007766990291262155
2025-04-29,-0.003870967741935516,-0.009935040122277305,-0.0400278940027895,-0.015923566878980888,-0.03112023292444266
2025-04-30,0.0019430051813471572,-0.006561173292165323,-0.0033415661775388905,0.001132686084142298,0.00546824966747117
